-- MySQL dump 10.13  Distrib 5.5.32, for debian-linux-gnu (i686)
--
-- Host: localhost    Database: kfcfloorball_dev
-- ------------------------------------------------------
-- Server version	5.5.32-0ubuntu0.12.04.1

/*!40101 SET @OLD_CHARACTER_SET_CLIENT=@@CHARACTER_SET_CLIENT */;
/*!40101 SET @OLD_CHARACTER_SET_RESULTS=@@CHARACTER_SET_RESULTS */;
/*!40101 SET @OLD_COLLATION_CONNECTION=@@COLLATION_CONNECTION */;
/*!40101 SET NAMES utf8 */;
/*!40103 SET @OLD_TIME_ZONE=@@TIME_ZONE */;
/*!40103 SET TIME_ZONE='+00:00' */;
/*!40014 SET @OLD_UNIQUE_CHECKS=@@UNIQUE_CHECKS, UNIQUE_CHECKS=0 */;
/*!40014 SET @OLD_FOREIGN_KEY_CHECKS=@@FOREIGN_KEY_CHECKS, FOREIGN_KEY_CHECKS=0 */;
/*!40101 SET @OLD_SQL_MODE=@@SQL_MODE, SQL_MODE='NO_AUTO_VALUE_ON_ZERO' */;
/*!40111 SET @OLD_SQL_NOTES=@@SQL_NOTES, SQL_NOTES=0 */;

--
-- Table structure for table `checkins`
--

DROP TABLE IF EXISTS `checkins`;
/*!40101 SET @saved_cs_client     = @@character_set_client */;
/*!40101 SET character_set_client = utf8 */;
CREATE TABLE `checkins` (
  `id` int(11) NOT NULL AUTO_INCREMENT,
  `state` varchar(255) COLLATE utf8_unicode_ci DEFAULT NULL,
  `goal` int(11) DEFAULT NULL,
  `assist` int(11) DEFAULT NULL,
  `team` varchar(255) COLLATE utf8_unicode_ci DEFAULT NULL,
  `order_in_team` int(11) DEFAULT NULL,
  `user_id` int(11) DEFAULT NULL,
  `match_id` int(11) DEFAULT NULL,
  PRIMARY KEY (`id`)
) ENGINE=InnoDB AUTO_INCREMENT=3837 DEFAULT CHARSET=utf8 COLLATE=utf8_unicode_ci;
/*!40101 SET character_set_client = @saved_cs_client */;

--
-- Dumping data for table `checkins`
--

LOCK TABLES `checkins` WRITE;
/*!40000 ALTER TABLE `checkins` DISABLE KEYS */;
INSERT INTO `checkins` VALUES (81,'ok',15,0,'A',2,2,22),(85,'ok',14,0,'B',2,16,22),(86,'ok',4,0,'A',3,17,22),(91,'ok',6,0,'B',3,14,22),(94,'ok',11,0,'B',1,21,22),(97,'nok',0,0,'',NULL,20,22),(98,'ok',11,0,'A',1,19,22),(104,'nok',0,0,'',NULL,23,22),(110,'ok',2,0,'B',1,17,28),(123,'ok',0,0,'B',4,18,28),(125,'ok',2,0,'A',3,21,28),(126,'ok',10,0,'A',2,2,28),(132,'nok',NULL,NULL,'',NULL,19,28),(134,'ok',8,0,'B',3,16,28),(137,'nok',NULL,NULL,'',NULL,23,28),(138,'ok',4,0,'A',4,14,28),(145,'ok',5,0,'B',1,2,31),(146,'ok',2,0,'B',2,16,31),(149,'ok',2,0,'B',4,17,31),(153,'ok',4,0,'A',4,14,31),(159,'nok',NULL,NULL,'',NULL,18,31),(164,'nok',NULL,NULL,'',NULL,21,31),(165,'ok',5,0,'A',3,23,31),(166,'ok',4,0,'B',3,19,31),(167,'ok',4,0,'A',2,29,31),(169,'ok',13,0,'B',1,2,32),(170,'ok',10,0,'A',2,16,32),(171,'ok',14,0,'A',3,14,32),(172,'nok',NULL,NULL,'',NULL,29,32),(173,'nok',NULL,NULL,'',NULL,19,32),(174,'ok',12,0,'A',1,21,32),(176,'ok',5,0,'B',3,17,32),(177,'nok',NULL,NULL,'',NULL,23,32),(189,'ok',7,0,'A',3,18,33),(190,'ok',9,0,'A',1,16,33),(192,'ok',10,0,'B',2,21,33),(194,'nok',NULL,NULL,'',NULL,29,33),(195,'nok',NULL,NULL,'',NULL,23,33),(197,'ok',4,0,'B',3,17,33),(202,'nok',NULL,NULL,'',NULL,19,33),(203,'ok',24,0,'A',2,2,33),(204,'nok',NULL,NULL,'',NULL,14,33),(205,'ok',5,0,'A',1,21,35),(206,'ok',8,0,'A',3,21,34),(209,'ok',3,0,'A',2,2,34),(210,'ok',5,0,'B',1,2,35),(213,'ok',9,0,'B',2,16,34),(214,'ok',6,0,'B',2,16,35),(215,'nok',NULL,NULL,'',NULL,14,34),(216,'ok',10,0,'A',3,14,35),(217,'ok',3,0,'B',3,17,34),(218,'ok',2,0,'B',4,17,35),(221,'ok',8,0,'B',1,18,34),(223,'nok',NULL,NULL,'',NULL,19,34),(224,'ok',2,0,'B',3,19,35),(227,'nok',NULL,NULL,'',NULL,23,35),(228,'nok',NULL,NULL,'',NULL,23,34),(232,'nok',NULL,NULL,'',NULL,18,35),(236,'ok',10,0,'A',1,14,36),(237,'nok',NULL,NULL,'',NULL,21,36),(244,'ok',11,0,'B',2,16,36),(245,'ok',3,0,'A',4,17,36),(249,'ok',17,0,'A',2,29,36),(257,'ok',5,0,'B',3,18,36),(264,'ok',12,0,'A',3,2,36),(267,'ok',0,0,'B',4,31,36),(270,'nok',NULL,NULL,'',NULL,23,36),(271,'nok',NULL,NULL,'',NULL,19,36),(279,'nok',NULL,NULL,'',NULL,21,38),(282,'nok',NULL,NULL,'',NULL,29,38),(284,'ok',8,0,'A',1,18,38),(285,'ok',5,0,'A',4,2,38),(289,'ok',4,0,'A',3,14,38),(291,'ok',1,0,'A',2,31,38),(292,'ok',6,0,'B',1,16,38),(293,'ok',1,0,'B',3,23,38),(294,'ok',10,0,'B',4,19,38),(295,'ok',2,0,'B',2,2,40),(297,'ok',4,0,'A',1,17,40),(300,'ok',1,0,'B',4,31,40),(302,'ok',4,0,'A',2,16,40),(303,'ok',11,0,'A',3,14,40),(304,'ok',4,0,'B',1,21,40),(305,'ok',2,0,'A',4,18,40),(306,'nok',NULL,NULL,'',NULL,19,40),(307,'nok',NULL,NULL,'',NULL,23,40),(308,'nok',NULL,NULL,'',NULL,29,40),(314,'ok',4,0,'B',1,2,42),(315,'ok',5,0,'A',1,21,42),(316,'ok',5,0,'B',2,14,42),(319,'ok',1,0,'A',4,18,42),(320,'ok',2,0,'A',3,23,42),(322,'ok',0,0,'B',5,31,42),(323,'ok',2,0,'B',3,17,42),(324,'nok',NULL,NULL,'',NULL,19,42),(325,'nok',NULL,NULL,'',NULL,29,42),(327,'nok',NULL,NULL,'',NULL,16,42),(329,'ok',6,0,'B',2,2,44),(330,'ok',2,0,'B',4,31,44),(331,'ok',8,0,'A',2,21,44),(332,'ok',3,0,'B',1,14,44),(333,'nok',NULL,NULL,'',NULL,23,44),(335,'ok',1,0,'A',4,17,44),(336,'nok',NULL,NULL,'',NULL,29,44),(337,'nok',NULL,NULL,'',NULL,19,44),(340,'ok',4,0,'A',1,16,44),(342,'nok',NULL,NULL,'',NULL,18,44),(344,'ok',3,0,'B',4,14,45),(347,'ok',3,0,'B',5,2,45),(348,'ok',10,0,'B',3,21,45),(350,'ok',2,0,'B',1,17,45),(351,'ok',0,0,'A',5,31,45),(353,'ok',5,0,'A',3,19,45),(354,'ok',3,0,'B',2,16,45),(355,'nok',NULL,NULL,'',NULL,18,45),(356,'nok',NULL,NULL,'',NULL,29,45),(360,'ok',1,0,'A',1,23,45),(362,'ok',4,0,'B',1,2,46),(364,'ok',2,0,'B',2,16,46),(365,'ok',2,0,'A',4,14,46),(367,'ok',1,0,'B',4,17,46),(368,'ok',0,0,'A',5,31,46),(370,'nok',NULL,NULL,'',NULL,19,46),(371,'nok',NULL,NULL,'',NULL,18,46),(374,'nok',NULL,NULL,'',NULL,23,46),(375,'nok',NULL,NULL,'',NULL,29,46),(376,'nok',NULL,NULL,'',NULL,21,46),(379,'ok',3,0,'B',3,38,46),(382,'ok',2,0,'A',3,16,47),(384,'ok',3,0,'A',2,2,47),(385,'ok',0,0,'A',5,17,47),(386,'ok',0,0,'A',1,19,47),(388,'nok',NULL,NULL,'',NULL,18,47),(389,'nok',NULL,NULL,'',NULL,29,47),(390,'ok',0,0,'B',5,31,47),(394,'ok',2,0,'B',1,14,47),(396,'ok',3,0,'A',4,23,47),(398,'nok',NULL,NULL,'',NULL,21,47),(399,'ok',1,0,'B',3,38,47),(405,'nok',NULL,NULL,'',NULL,18,48),(406,'nok',NULL,NULL,'',NULL,16,48),(407,'nok',NULL,NULL,'',NULL,21,48),(409,'ok',6,0,'B',2,17,48),(410,'ok',5,0,'B',1,31,48),(411,'nok',NULL,NULL,'',NULL,29,48),(413,'ok',0,0,'',NULL,2,48),(414,'nok',NULL,NULL,'',NULL,14,48),(415,'nok',NULL,NULL,'',NULL,38,48),(416,'nok',NULL,NULL,'',NULL,19,48),(420,'ok',15,0,'B',3,23,48),(424,'ok',2,0,'B',3,23,49),(425,'ok',2,0,'A',4,29,49),(426,'nok',NULL,NULL,'',NULL,18,49),(427,'ok',1,0,'A',2,16,49),(428,'ok',0,0,'B',5,31,49),(429,'ok',0,0,'',NULL,2,49),(430,'nok',NULL,NULL,'',NULL,14,49),(431,'ok',4,0,'B',1,21,49),(435,'nok',NULL,NULL,'',NULL,19,49),(437,'ok',1,0,'A',1,17,49),(440,'ok',3,0,'A',5,18,50),(441,'ok',0,0,'B',3,21,50),(443,'ok',5,0,'B',2,2,50),(445,'ok',3,0,'A',3,38,50),(447,'ok',1,0,'A',4,19,50),(448,'ok',0,0,'B',5,31,50),(449,'ok',1,0,'A',2,16,50),(450,'ok',4,0,'A',1,14,50),(453,'ok',3,0,'A',2,2,51),(455,'ok',3,0,'B',1,14,51),(456,'ok',1,0,'B',3,18,51),(457,'nok',NULL,NULL,'',NULL,23,51),(458,'nok',NULL,NULL,'',NULL,19,51),(460,'nok',NULL,NULL,'',NULL,17,51),(463,'nok',NULL,NULL,'',NULL,16,51),(464,'ok',0,0,'A',5,31,51),(465,'ok',4,0,'A',1,29,51),(466,'ok',1,0,'A',4,38,51),(472,'ok',0,0,'B',2,21,51),(473,'ok',4,0,'A',2,2,52),(474,'ok',3,0,'B',1,14,52),(476,'ok',1,0,'B',4,19,52),(478,'nok',NULL,NULL,'',NULL,31,52),(479,'ok',2,0,'A',3,21,52),(480,'ok',2,0,'A',5,38,52),(481,'nok',NULL,NULL,'',NULL,23,52),(483,'ok',3,0,'A',1,29,52),(486,'ok',0,0,'B',2,16,52),(487,'nok',NULL,NULL,'',NULL,18,52),(492,'ok',3,0,'A',1,2,55),(494,'nok',NULL,NULL,'',NULL,19,55),(496,'ok',1,0,'B',1,14,55),(499,'ok',6,0,'A',2,21,55),(500,'ok',5,0,'A',4,18,55),(501,'nok',NULL,NULL,'',NULL,23,55),(502,'ok',2,0,'B',4,17,55),(503,'ok',4,0,'B',2,16,55),(505,'nok',NULL,NULL,'',NULL,29,55),(507,'nok',NULL,NULL,'',NULL,38,55),(509,'ok',4,0,'A',2,2,56),(511,'ok',0,0,'B',4,17,56),(512,'ok',3,0,'B',2,21,56),(514,'ok',1,0,'B',3,18,56),(515,'nok',NULL,NULL,'',NULL,23,56),(517,'ok',2,0,'B',1,29,56),(518,'nok',NULL,NULL,'',NULL,19,56),(520,'nok',NULL,NULL,'',NULL,38,56),(521,'ok',2,0,'A',3,16,56),(523,'ok',1,0,'A',5,31,56),(527,'nok',NULL,NULL,'',NULL,14,56),(528,'ok',7,0,'A',1,2,57),(532,'ok',0,0,'A',5,31,57),(533,'ok',6,0,'B',2,29,57),(535,'nok',NULL,NULL,'',NULL,16,57),(536,'ok',1,0,'B',1,14,57),(538,'ok',1,0,'B',4,17,57),(541,'nok',NULL,NULL,'',NULL,18,57),(542,'nok',NULL,NULL,'A',2,19,57),(543,'nok',NULL,NULL,'',NULL,21,57),(544,'nok',NULL,NULL,'',NULL,23,57),(547,'ok',2,0,'B',1,2,58),(549,'ok',1,0,'A',2,29,58),(551,'ok',0,0,'A',5,38,58),(552,'ok',0,0,'B',2,14,58),(553,'nok',NULL,NULL,'',NULL,23,58),(555,'ok',2,0,'B',3,21,58),(557,'nok',NULL,NULL,'',NULL,19,58),(558,'nok',NULL,NULL,'',NULL,17,58),(561,'ok',1,0,'A',3,16,58),(562,'nok',NULL,NULL,'',NULL,31,58),(563,'nok',NULL,NULL,'',NULL,18,58),(606,'ok',4,0,'A',1,2,62),(607,'ok',3,0,'B',2,18,62),(611,'ok',1,0,'A',4,31,62),(612,'ok',7,0,'A',3,19,62),(613,'nok',NULL,NULL,'',NULL,17,62),(614,'ok',4,0,'B',1,14,62),(615,'ok',3,0,'A',2,16,62),(616,'ok',5,0,'B',4,38,62),(618,'nok',NULL,NULL,'',NULL,21,62),(621,'nok',NULL,NULL,'',NULL,23,62),(622,'nok',NULL,NULL,'',NULL,29,62),(640,'ok',2,0,'B',1,2,64),(642,'ok',7,0,'A',2,21,64),(643,'ok',1,0,'A',3,14,64),(644,'nok',NULL,NULL,'',NULL,18,64),(645,'nok',NULL,NULL,'',NULL,19,64),(647,'nok',NULL,NULL,'',NULL,29,64),(652,'ok',2,0,'B',2,16,64),(653,'ok',0,0,'A',4,17,64),(654,'nok',NULL,NULL,'',NULL,38,64),(657,'ok',1,0,'A',5,42,64),(660,'ok',4,0,'B',1,2,65),(661,'ok',7,0,'B',3,18,65),(662,'ok',8,0,'A',2,21,65),(664,'ok',1,0,'B',5,31,65),(665,'ok',1,0,'A',4,17,65),(666,'nok',NULL,NULL,'',NULL,23,65),(668,'ok',2,0,'A',3,14,65),(669,'ok',2,0,'B',2,16,65),(671,'ok',3,0,'A',5,42,65),(672,'nok',NULL,NULL,'',NULL,19,65),(673,'nok',NULL,NULL,'',NULL,29,65),(677,'ok',6,0,'A',3,18,66),(678,'ok',2,0,'B',1,21,66),(679,'nok',NULL,NULL,'',NULL,19,66),(680,'ok',0,0,'B',2,16,66),(681,'ok',0,0,'A',2,14,66),(682,'nok',NULL,NULL,'',NULL,23,66),(683,'nok',NULL,NULL,'',NULL,29,66),(684,'ok',2,0,'A',4,31,66),(685,'ok',1,0,'A',1,42,66),(688,'nok',NULL,NULL,'',NULL,17,66),(689,'ok',0,0,'',NULL,2,66),(692,'ok',0,0,'B',1,2,67),(693,'ok',4,0,'A',2,21,67),(696,'nok',NULL,NULL,'',NULL,19,67),(698,'ok',2,0,'B',2,14,67),(699,'nok',NULL,NULL,'',NULL,23,67),(700,'ok',3,0,'B',3,18,67),(702,'ok',0,0,'B',4,17,67),(703,'nok',NULL,NULL,'',NULL,29,67),(704,'ok',1,0,'A',3,16,67),(706,'ok',0,0,'A',4,42,67),(708,'ok',4,0,'B',1,21,68),(709,'nok',NULL,NULL,'',NULL,23,68),(711,'ok',3,0,'A',3,18,68),(712,'ok',1,0,'A',2,16,68),(713,'ok',1,0,'B',2,14,68),(714,'ok',3,0,'B',5,38,68),(715,'ok',0,0,'',NULL,2,68),(718,'nok',NULL,NULL,'',NULL,29,68),(719,'ok',0,0,'B',3,17,68),(720,'ok',0,0,'A',5,31,68),(722,'ok',4,0,'B',4,42,68),(725,'ok',5,0,'A',3,18,69),(726,'ok',5,0,'B',1,21,69),(727,'ok',3,0,'B',5,38,69),(728,'ok',0,0,'B',3,17,69),(729,'ok',0,0,'B',2,14,69),(732,'ok',0,0,'',NULL,2,69),(733,'nok',NULL,NULL,'',NULL,29,69),(734,'ok',2,0,'A',2,16,69),(736,'ok',1,0,'A',5,31,69),(737,'ok',3,0,'B',4,42,69),(758,'ok',3,0,'A',2,18,71),(760,'ok',3,0,'B',1,14,71),(761,'ok',4,0,'B',4,38,71),(763,'ok',9,0,'B',3,42,71),(764,'ok',0,0,'A',4,31,71),(765,'ok',4,0,'B',2,17,71),(766,'nok',NULL,NULL,'',NULL,29,71),(770,'nok',NULL,NULL,'',NULL,21,71),(771,'ok',0,0,'',NULL,2,71),(774,'ok',3,0,'B',1,2,72),(775,'ok',1,0,'B',4,18,72),(776,'ok',4,0,'A',2,21,72),(779,'ok',3,0,'B',5,38,72),(780,'ok',3,0,'A',4,17,72),(781,'ok',1,0,'A',3,14,72),(782,'ok',4,0,'B',3,42,72),(783,'ok',1,0,'A',5,31,72),(784,'nok',NULL,NULL,'',NULL,29,72),(785,'ok',2,0,'B',2,16,72),(787,'ok',5,0,'B',3,18,73),(788,'ok',11,0,'A',1,21,73),(789,'ok',6,0,'B',2,42,73),(790,'ok',5,0,'A',3,38,73),(792,'ok',4,0,'A',2,16,73),(793,'ok',0,0,'A',4,31,73),(795,'ok',4,0,'B',1,14,73),(797,'nok',NULL,NULL,'',NULL,29,73),(802,'ok',0,0,'',NULL,2,73),(803,'nok',NULL,NULL,'',NULL,17,73),(804,'ok',6,0,'B',1,2,74),(805,'ok',3,0,'A',3,18,74),(807,'nok',NULL,NULL,'',NULL,21,74),(808,'ok',6,0,'B',3,19,74),(810,'nok',NULL,NULL,'',NULL,42,74),(811,'ok',2,0,'A',2,16,74),(812,'ok',0,0,'A',4,38,74),(814,'ok',0,0,'B',2,14,74),(815,'ok',2,0,'B',4,17,74),(816,'nok',NULL,NULL,'',NULL,29,74),(834,'ok',11,0,'B',1,21,76),(835,'ok',6,0,'A',3,42,76),(836,'nok',NULL,NULL,'',NULL,18,76),(838,'ok',6,0,'B',4,19,76),(839,'ok',8,0,'B',3,16,76),(840,'ok',0,0,'B',2,14,76),(841,'nok',NULL,NULL,'',NULL,17,76),(845,'nok',NULL,NULL,'',NULL,29,76),(847,'ok',8,0,'A',2,2,76),(862,'ok',4,0,'B',1,21,78),(863,'nok',NULL,NULL,'',NULL,42,78),(864,'ok',0,0,'A',3,14,78),(866,'nok',NULL,NULL,'',NULL,29,78),(867,'ok',0,0,'B',2,16,78),(870,'ok',2,0,'A',5,31,78),(873,'ok',0,0,'A',4,17,78),(874,'ok',10,0,'A',2,2,78),(875,'nok',NULL,NULL,'',NULL,18,78),(876,'ok',4,0,'B',3,19,78),(877,'ok',0,0,'B',4,23,78),(913,'ok',0,0,'B',1,2,82),(914,'ok',0,0,'B',3,18,82),(915,'ok',9,0,'A',1,21,82),(916,'ok',4,0,'B',2,42,82),(917,'nok',NULL,NULL,'',NULL,19,82),(918,'nok',NULL,NULL,'',NULL,29,82),(919,'ok',1,0,'B',4,17,82),(924,'ok',5,0,'A',2,16,82),(926,'ok',6,0,'A',3,23,82),(927,'ok',10,0,'',NULL,2,82),(928,'ok',0,0,'',NULL,18,82),(929,'ok',0,0,'',NULL,21,82),(983,'ok',3,0,'A',2,2,88),(985,'ok',4,0,'B',1,21,88),(986,'ok',3,0,'B',2,14,88),(987,'ok',6,0,'A',3,42,88),(988,'nok',NULL,NULL,'',NULL,29,88),(990,'ok',2,0,'A',4,31,88),(991,'ok',3,0,'B',4,38,88),(992,'nok',NULL,NULL,'',NULL,16,88),(993,'nok',NULL,NULL,'',NULL,18,88),(995,'nok',NULL,NULL,'',NULL,17,88),(996,'ok',2,0,'A',5,44,88),(997,'ok',4,0,'B',3,23,88),(998,'ok',0,0,'B',5,45,88),(1044,'ok',4,0,'A',2,2,92),(1045,'ok',4,0,'B',4,18,92),(1046,'ok',4,0,'A',1,21,92),(1048,'ok',4,0,'B',2,16,92),(1049,'ok',0,0,'A',5,31,92),(1050,'ok',3,0,'B',1,29,92),(1052,'ok',3,0,'A',3,14,92),(1053,'ok',0,0,'A',4,17,92),(1054,'ok',4,0,'B',3,23,92),(1056,'ok',3,0,'B',4,18,93),(1057,'ok',7,0,'A',1,21,93),(1058,'ok',2,0,'B',3,42,93),(1059,'ok',2,0,'B',2,14,93),(1060,'ok',4,0,'A',4,17,93),(1061,'ok',3,0,'A',2,16,93),(1063,'ok',4,0,'B',1,29,93),(1065,'nok',NULL,NULL,'',NULL,31,93),(1066,'ok',6,0,'A',3,23,93),(1067,'ok',0,0,'',NULL,2,93),(1070,'ok',4,0,'A',1,21,94),(1071,'ok',3,0,'A',3,17,94),(1072,'ok',2,0,'B',3,42,94),(1073,'ok',4,0,'B',1,29,94),(1074,'ok',3,0,'A',4,31,94),(1075,'ok',2,0,'B',2,14,94),(1076,'ok',2,0,'B',4,44,94),(1078,'nok',NULL,NULL,'',NULL,18,94),(1079,'ok',3,0,'A',2,16,94),(1080,'ok',0,0,'',NULL,2,94),(1082,'nok',NULL,NULL,'',NULL,23,94),(1083,'ok',0,0,'B',1,2,95),(1084,'ok',4,0,'A',4,18,95),(1085,'ok',2,0,'A',1,21,95),(1086,'ok',5,0,'B',2,29,95),(1087,'ok',1,0,'B',4,17,95),(1088,'ok',0,0,'A',5,31,95),(1089,'ok',2,0,'B',3,42,95),(1091,'ok',0,0,'A',3,14,95),(1094,'ok',0,0,'B',5,44,95),(1095,'ok',1,0,'A',2,16,95),(1096,'ok',0,0,'A',2,2,96),(1097,'ok',2,0,'B',5,18,96),(1098,'ok',8,0,'B',1,21,96),(1099,'ok',7,0,'A',3,29,96),(1100,'ok',0,0,'A',4,17,96),(1101,'ok',1,0,'B',2,16,96),(1102,'nok',NULL,NULL,'',NULL,42,96),(1103,'ok',0,0,'B',4,14,96),(1104,'nok',NULL,NULL,'',NULL,31,96),(1106,'ok',3,0,'A',5,44,96),(1108,'ok',6,0,'B',3,23,96),(1125,'ok',0,0,'B',1,2,98),(1127,'ok',3,0,'A',1,21,98),(1128,'ok',2,0,'B',4,17,98),(1129,'ok',0,0,'B',5,44,98),(1130,'ok',4,0,'A',4,38,98),(1132,'ok',1,0,'A',2,16,98),(1133,'ok',3,0,'A',3,14,98),(1134,'ok',0,0,'B',2,19,98),(1135,'ok',0,0,'A',5,31,98),(1138,'nok',NULL,NULL,'',NULL,29,98),(1139,'ok',1,0,'B',3,42,98),(1140,'nok',NULL,NULL,'',NULL,18,98),(1155,'ok',0,0,'A',2,2,100),(1157,'ok',7,0,'B',1,21,100),(1158,'ok',1,0,'B',4,42,100),(1159,'ok',6,0,'A',4,44,100),(1161,'nok',NULL,NULL,'',NULL,29,100),(1162,'ok',4,0,'B',2,16,100),(1163,'nok',NULL,NULL,'',NULL,18,100),(1165,'nok',NULL,NULL,'',NULL,31,100),(1166,'nok',NULL,NULL,'',NULL,38,100),(1168,'ok',1,0,'A',3,14,100),(1170,'ok',8,0,'B',3,23,100),(1174,'nok',NULL,NULL,'',NULL,17,100),(1177,'ok',8,0,'B',1,21,101),(1178,'ok',7,0,'B',2,42,101),(1180,'ok',4,0,'A',2,16,101),(1181,'ok',2,0,'B',3,17,101),(1182,'ok',0,0,'',NULL,2,101),(1183,'ok',2,0,'A',4,31,101),(1184,'ok',8,0,'A',3,44,101),(1185,'nok',NULL,NULL,'',NULL,18,101),(1204,'ok',4,0,'B',1,21,103),(1206,'nok',NULL,NULL,'',NULL,42,103),(1208,'ok',0,0,'B',4,17,103),(1209,'ok',2,0,'B',3,16,103),(1210,'nok',NULL,NULL,'',NULL,44,103),(1211,'ok',1,0,'A',3,14,103),(1212,'nok',NULL,NULL,'',NULL,18,103),(1213,'ok',4,0,'B',2,29,103),(1214,'ok',0,0,'A',2,2,103),(1231,'ok',0,0,'A',2,2,105),(1232,'ok',0,0,'B',3,18,105),(1233,'ok',5,0,'B',1,21,105),(1234,'ok',1,0,'A',3,17,105),(1235,'nok',NULL,NULL,'',NULL,38,105),(1238,'nok',NULL,NULL,'',NULL,29,105),(1239,'ok',1,0,'A',4,31,105),(1241,'nok',NULL,NULL,'',NULL,44,105),(1242,'nok',NULL,NULL,'',NULL,16,105),(1244,'nok',NULL,NULL,'',NULL,42,105),(1245,'ok',0,0,'B',2,23,105),(1258,'ok',0,0,'B',1,2,107),(1261,'ok',0,0,'A',3,17,107),(1262,'ok',0,0,'A',2,16,107),(1263,'ok',0,0,'B',4,38,107),(1264,'ok',0,0,'A',4,31,107),(1265,'ok',0,0,'B',2,44,107),(1266,'ok',0,0,'B',3,42,107),(1268,'nok',NULL,NULL,'',NULL,29,107),(1269,'nok',NULL,NULL,'',NULL,21,107),(1270,'nok',NULL,NULL,'',NULL,18,107),(1285,'ok',0,0,'',NULL,2,109),(1288,'ok',0,0,'',NULL,16,109),(1290,'ok',0,0,'',NULL,17,109),(1291,'ok',0,0,'',NULL,42,109),(1292,'nok',NULL,NULL,'',NULL,21,109),(1293,'ok',0,0,'',NULL,18,109),(1294,'nok',NULL,NULL,'',NULL,44,109),(1295,'nok',NULL,NULL,'',NULL,29,109),(1297,'nok',NULL,NULL,'',NULL,38,109),(1317,'ok',5,0,'B',1,16,111),(1320,'ok',1,0,'B',4,17,111),(1321,'ok',4,0,'A',3,42,111),(1322,'nok',NULL,NULL,'',NULL,18,111),(1323,'ok',2,0,'A',2,14,111),(1325,'ok',4,0,'B',3,44,111),(1330,'ok',11,0,'B',2,2,111),(1331,'nok',NULL,NULL,'',NULL,21,111),(1332,'ok',0,0,'B',3,2,112),(1333,'ok',0,0,'A',2,16,112),(1334,'ok',0,0,'A',4,18,112),(1335,'ok',0,0,'B',1,21,112),(1336,'ok',0,0,'B',2,14,112),(1337,'ok',0,0,'B',4,42,112),(1338,'ok',0,0,'A',3,44,112),(1340,'nok',NULL,NULL,'',NULL,31,112),(1341,'nok',NULL,NULL,'',NULL,29,112),(1342,'nok',NULL,NULL,'',NULL,17,112),(1345,'ok',0,0,'',NULL,16,113),(1347,'ok',0,0,'',NULL,21,113),(1348,'nok',NULL,NULL,'',NULL,2,113),(1349,'ok',4,0,'B',2,2,114),(1350,'ok',2,0,'B',1,16,114),(1351,'ok',0,0,'B',4,18,114),(1352,'ok',4,0,'A',1,21,114),(1353,'ok',0,0,'B',5,52,114),(1354,'ok',0,0,'A',5,53,114),(1360,'nok',NULL,NULL,'',NULL,19,114),(1361,'nok',NULL,NULL,'',NULL,19,113),(1362,'ok',3,0,'B',3,42,114),(1363,'nok',NULL,NULL,'',NULL,42,113),(1364,'ok',0,0,'',NULL,17,113),(1365,'ok',3,0,'A',4,17,114),(1366,'ok',0,0,'',NULL,44,113),(1370,'nok',NULL,NULL,'',NULL,52,113),(1371,'nok',NULL,NULL,'',NULL,14,113),(1372,'ok',1,0,'A',2,14,114),(1373,'nok',NULL,NULL,'',NULL,31,113),(1374,'nok',NULL,NULL,'',NULL,29,113),(1376,'nok',NULL,NULL,'',NULL,18,113),(1377,'ok',2,0,'A',3,44,114),(1378,'nok',NULL,NULL,'',NULL,29,114),(1379,'ok',7,0,'A',2,2,115),(1380,'ok',9,0,'B',1,16,115),(1382,'ok',6,0,'A',1,21,115),(1385,'ok',0,0,'A',3,53,115),(1386,'ok',3,0,'B',3,17,115),(1387,'nok',NULL,NULL,'',NULL,29,115),(1388,'nok',NULL,NULL,'',NULL,44,115),(1389,'nok',NULL,NULL,'',NULL,18,115),(1390,'ok',0,0,'B',4,52,115),(1391,'ok',1,0,'B',2,14,115),(1392,'nok',NULL,NULL,'',NULL,38,115),(1394,'nok',NULL,NULL,'',NULL,42,115),(1408,'ok',5,0,'A',2,2,117),(1409,'ok',1,0,'B',1,16,117),(1411,'ok',4,0,'A',1,21,117),(1412,'ok',0,0,'A',4,52,117),(1413,'ok',1,0,'B',4,17,117),(1414,'ok',6,0,'B',3,42,117),(1415,'ok',2,0,'A',3,44,117),(1416,'ok',3,0,'A',5,53,117),(1418,'ok',0,0,'B',5,31,117),(1419,'ok',1,0,'B',2,14,117),(1420,'nok',NULL,NULL,'',NULL,29,117),(1421,'nok',NULL,NULL,'',NULL,18,117),(1422,'ok',5,0,'A',2,2,118),(1423,'ok',1,0,'B',1,16,118),(1425,'ok',6,0,'A',1,21,118),(1427,'ok',4,0,'A',3,42,118),(1428,'ok',3,0,'B',2,14,118),(1429,'nok',NULL,NULL,'',NULL,19,118),(1432,'ok',4,0,'B',4,53,118),(1433,'ok',1,0,'A',4,31,118),(1434,'nok',NULL,NULL,'',NULL,52,118),(1435,'nok',NULL,NULL,'',NULL,17,118),(1436,'ok',5,0,'B',3,44,118),(1437,'nok',NULL,NULL,'',NULL,18,118),(1438,'nok',NULL,NULL,'',NULL,29,118),(1439,'ok',4,0,'B',1,2,119),(1440,'ok',2,0,'B',2,16,119),(1443,'ok',1,0,'A',1,52,119),(1444,'ok',5,0,'A',2,42,119),(1445,'nok',NULL,NULL,'',NULL,18,119),(1446,'ok',3,0,'A',3,17,119),(1447,'ok',3,0,'A',4,44,119),(1448,'ok',2,0,'B',3,53,119),(1449,'ok',0,0,'A',4,31,119),(1451,'ok',3,0,'B',4,56,119),(1452,'nok',NULL,NULL,'',NULL,21,119),(1453,'ok',6,0,'A',2,2,120),(1455,'ok',8,0,'A',1,21,120),(1456,'ok',1,0,'B',4,52,120),(1457,'nok',NULL,NULL,'',NULL,17,120),(1458,'nok',NULL,NULL,'',NULL,18,120),(1459,'ok',5,0,'B',3,42,120),(1460,'ok',4,0,'A',3,53,120),(1461,'nok',NULL,NULL,'',NULL,56,120),(1464,'ok',6,0,'B',1,29,120),(1465,'nok',NULL,NULL,'',NULL,16,120),(1466,'ok',2,0,'B',2,44,120),(1467,'nok',NULL,NULL,'',NULL,31,120),(1468,'ok',3,0,'A',4,57,120),(1469,'ok',0,0,'B',3,2,121),(1470,'ok',2,0,'A',3,16,121),(1471,'ok',1,0,'B',1,21,121),(1472,'ok',0,0,'A',5,52,121),(1473,'ok',1,0,'A',6,58,121),(1474,'ok',3,0,'B',5,42,121),(1475,'ok',1,0,'B',4,14,121),(1476,'ok',2,0,'B',2,29,121),(1477,'ok',0,0,'A',4,53,121),(1478,'ok',3,0,'A',1,57,121),(1479,'nok',NULL,NULL,'',NULL,44,121),(1480,'ok',1,0,'A',2,56,121),(1481,'nok',NULL,NULL,'',NULL,17,121),(1482,'nok',NULL,NULL,'',NULL,18,121),(1483,'ok',0,0,'B',6,45,121),(1484,'ok',0,0,'A',2,2,122),(1485,'ok',0,0,'B',5,52,122),(1487,'ok',3,0,'B',2,14,122),(1488,'ok',1,0,'B',4,56,122),(1489,'ok',0,0,'A',3,44,122),(1490,'ok',0,0,'B',1,16,122),(1491,'ok',1,0,'A',1,21,122),(1492,'nok',NULL,NULL,'',NULL,42,122),(1495,'ok',0,0,'A',4,53,122),(1497,'ok',2,0,'A',5,58,122),(1499,'nok',NULL,NULL,'',NULL,31,122),(1500,'nok',NULL,NULL,'',NULL,29,122),(1501,'ok',0,0,'B',6,45,122),(1502,'ok',0,0,'B',3,17,122),(1503,'ok',1,0,'A',1,2,123),(1505,'ok',2,0,'B',2,21,123),(1506,'ok',0,0,'B',1,52,123),(1507,'ok',1,0,'A',2,45,123),(1508,'ok',2,0,'B',4,57,123),(1509,'ok',0,0,'A',6,31,123),(1510,'ok',1,0,'B',5,56,123),(1511,'nok',NULL,NULL,'',NULL,16,123),(1512,'ok',0,0,'B',6,17,123),(1513,'ok',4,0,'A',4,42,123),(1514,'ok',1,0,'B',3,14,123),(1515,'ok',1,0,'A',5,61,123),(1516,'ok',1,0,'A',3,58,123),(1517,'nok',NULL,NULL,'',NULL,53,123),(1518,'nok',NULL,NULL,'',NULL,44,123),(1519,'nok',NULL,NULL,'',NULL,29,123),(1520,'ok',4,0,'B',1,2,124),(1521,'nok',NULL,NULL,'',NULL,16,124),(1522,'ok',3,0,'A',1,21,124),(1523,'ok',0,0,'B',2,45,124),(1524,'ok',1,0,'A',2,14,124),(1525,'nok',NULL,NULL,'',NULL,58,124),(1526,'ok',0,0,'B',4,57,124),(1527,'nok',NULL,NULL,'',NULL,42,124),(1530,'nok',NULL,NULL,'',NULL,31,124),(1531,'ok',1,0,'A',4,53,124),(1533,'ok',0,0,'A',5,52,124),(1534,'ok',3,0,'B',3,59,124),(1535,'nok',NULL,NULL,'',NULL,17,124),(1537,'ok',NULL,NULL,'B',5,61,124),(1538,'ok',2,0,'A',7,62,123),(1539,'ok',2,0,'A',6,29,124),(1541,'ok',0,0,'B',6,62,124),(1542,'ok',3,0,'A',2,2,125),(1543,'ok',1,0,'A',1,45,125),(1545,'nok',NULL,NULL,'',NULL,17,125),(1546,'ok',4,0,'B',1,21,125),(1548,'ok',2,0,'B',3,56,125),(1549,'nok',NULL,NULL,'',NULL,29,125),(1550,'ok',0,0,'A',6,53,125),(1551,'ok',4,0,'A',3,16,125),(1552,'ok',2,0,'B',5,38,125),(1554,'nok',NULL,NULL,'',NULL,18,125),(1555,'ok',1,0,'A',5,59,125),(1556,'ok',0,0,'B',6,52,125),(1557,'ok',1,0,'B',4,44,125),(1558,'nok',NULL,NULL,'',NULL,14,125),(1559,'ok',0,0,'B',2,62,125),(1561,'nok',NULL,NULL,'',NULL,57,125),(1562,'ok',3,0,'A',2,2,126),(1564,'nok',NULL,NULL,'',NULL,45,126),(1565,'ok',0,0,'B',5,57,126),(1566,'ok',2,0,'A',4,59,126),(1567,'ok',1,0,'A',1,16,126),(1568,'ok',0,0,'B',1,21,126),(1569,'ok',0,0,'B',3,56,126),(1571,'ok',0,0,'B',4,44,126),(1572,'ok',1,0,'B',6,31,126),(1573,'ok',0,0,'A',6,17,126),(1574,'ok',0,0,'A',5,52,126),(1575,'ok',0,0,'B',2,62,126),(1576,'ok',1,0,'A',3,58,126),(1577,'nok',NULL,NULL,'',0,38,126),(1578,'nok',NULL,NULL,'',NULL,53,126),(1579,'nok',NULL,NULL,'',NULL,29,126),(1581,'ok',3,0,'A',2,45,127),(1582,'nok',NULL,NULL,'',NULL,2,127),(1583,'nok',NULL,NULL,'',NULL,58,127),(1585,'ok',0,0,'A',5,17,127),(1586,'nok',NULL,NULL,'',NULL,53,127),(1587,'nok',NULL,NULL,'',NULL,52,127),(1588,'ok',1,0,'A',1,21,127),(1589,'ok',2,0,'A',4,59,127),(1592,'ok',5,0,'B',4,42,127),(1593,'ok',0,0,'A',6,31,127),(1594,'nok',NULL,NULL,'',NULL,56,127),(1595,'ok',2,0,'B',2,14,127),(1596,'ok',1,0,'B',1,16,127),(1597,'ok',4,0,'B',3,29,127),(1598,'ok',NULL,NULL,'B',5,61,127),(1599,'ok',2,0,'A',2,2,128),(1600,'ok',0,0,'A',6,45,128),(1602,'ok',1,0,'A',1,21,128),(1603,'ok',1,0,'A',5,56,128),(1604,'ok',3,0,'B',2,42,128),(1605,'ok',2,0,'A',4,59,128),(1606,'ok',2,0,'B',3,44,128),(1607,'nok',NULL,NULL,'',NULL,16,128),(1608,'ok',4,0,'B',1,29,128),(1609,'ok',NULL,NULL,'A',3,61,128),(1610,'ok',0,0,'B',5,53,128),(1611,'ok',0,0,'B',7,31,128),(1612,'nok',NULL,NULL,'',NULL,14,128),(1618,'ok',0,0,'B',4,58,128),(1619,'ok',1,0,'B',6,62,128),(1620,'nok',NULL,NULL,'',NULL,52,128),(1621,'nok',NULL,NULL,'',NULL,17,128),(1622,'nok',NULL,NULL,'',NULL,18,128),(1623,'nok',NULL,NULL,'',NULL,57,128),(1624,'ok',0,0,'A',7,64,128),(1626,'ok',2,0,'A',1,21,130),(1629,'ok',2,0,'A',4,62,130),(1631,'ok',2,0,'B',1,29,130),(1633,'ok',0,0,'B',3,58,130),(1634,'ok',0,0,'B',5,31,130),(1635,'nok',NULL,NULL,'',NULL,44,130),(1636,'ok',0,0,'B',2,14,130),(1637,'ok',3,0,'B',4,56,130),(1638,'nok',NULL,NULL,'',NULL,53,130),(1639,'nok',NULL,NULL,'',NULL,64,130),(1640,'nok',NULL,NULL,'',NULL,16,130),(1641,'ok',4,0,'A',3,18,130),(1642,'nok',NULL,NULL,'',NULL,17,130),(1643,'ok',0,0,'B',6,52,130),(1644,'ok',3,0,'A',2,2,130),(1645,'nok',NULL,NULL,'',NULL,42,130),(1649,'ok',1,0,'A',5,45,130),(1652,'ok',0,0,'A',6,65,130),(1653,'ok',2,0,'B',2,2,131),(1654,'ok',4,0,'A',1,21,131),(1655,'ok',1,0,'A',4,45,131),(1656,'ok',0,0,'A',5,52,131),(1657,'ok',3,0,'A',3,62,131),(1658,'nok',NULL,NULL,'',NULL,29,131),(1659,'ok',1,0,'B',4,56,131),(1661,'nok',NULL,NULL,'',NULL,18,131),(1662,'ok',0,0,'A',2,17,131),(1663,'ok',0,0,'B',3,53,131),(1664,'ok',2,0,'B',1,16,131),(1666,'ok',1,0,'B',5,31,131),(1667,'nok',NULL,NULL,'',NULL,64,131),(1668,'ok',4,0,'A',1,2,132),(1669,'ok',0,0,'B',2,21,132),(1670,'ok',0,0,'A',4,45,132),(1672,'ok',2,0,'A',3,62,132),(1673,'ok',2,0,'B',1,16,132),(1674,'ok',1,0,'B',3,42,132),(1675,'ok',0,0,'A',5,31,132),(1676,'ok',2,0,'B',5,56,132),(1677,'nok',NULL,NULL,'',NULL,53,132),(1678,'nok',NULL,NULL,'',NULL,64,132),(1679,'nok',NULL,NULL,'',NULL,58,132),(1680,'nok',NULL,NULL,'',NULL,52,132),(1681,'ok',2,0,'B',4,59,132),(1682,'ok',0,0,'A',2,44,132),(1708,'ok',0,0,'A',4,45,134),(1709,'ok',0,0,'A',5,52,134),(1710,'ok',2,0,'B',4,62,134),(1711,'nok',NULL,NULL,'',NULL,2,134),(1712,'ok',0,0,'B',5,31,134),(1714,'ok',0,0,'B',3,59,134),(1715,'nok',NULL,NULL,'',NULL,17,134),(1716,'ok',0,0,'A',3,44,134),(1717,'nok',NULL,NULL,'',NULL,53,134),(1718,'nok',NULL,NULL,'',NULL,64,134),(1719,'nok',NULL,NULL,'',NULL,29,134),(1720,'ok',0,0,'A',1,21,134),(1721,'ok',0,0,'B',1,16,134),(1722,'ok',0,0,'A',2,14,134),(1723,'ok',4,0,'B',2,42,134),(1725,'ok',0,0,'A',1,21,135),(1726,'ok',3,0,'B',5,45,135),(1727,'ok',0,0,'A',5,52,135),(1728,'ok',2,0,'B',3,62,135),(1729,'ok',0,0,'B',1,16,135),(1730,'nok',NULL,NULL,'',NULL,58,135),(1731,'ok',1,0,'B',2,42,135),(1732,'ok',0,0,'A',2,14,135),(1733,'ok',4,0,'A',4,59,135),(1734,'nok',NULL,NULL,'',NULL,56,135),(1735,'ok',12,2,'A',3,18,135),(1736,'ok',0,0,'B',4,31,135),(1737,'nok',NULL,NULL,'',NULL,2,135),(1738,'ok',0,0,'B',6,65,135),(1739,'ok',0,0,'A',6,66,135),(1758,'ok',NULL,NULL,'A',1,2,137),(1760,'ok',NULL,NULL,'B',3,45,137),(1761,'ok',NULL,NULL,'B',4,52,137),(1765,'nok',NULL,NULL,'',NULL,21,137),(1766,'nok',NULL,NULL,'',NULL,16,137),(1768,'ok',NULL,NULL,'A',2,61,137),(1769,'nok',NULL,NULL,'',NULL,62,137),(1770,'ok',NULL,NULL,'B',1,17,137),(1771,'nok',NULL,NULL,'',NULL,66,137),(1772,'nok',NULL,NULL,'',NULL,29,137),(1773,'ok',NULL,NULL,'B',2,59,137),(1774,'nok',NULL,NULL,'',NULL,44,137),(1776,'ok',NULL,NULL,'A',3,53,137),(1777,'nok',NULL,NULL,'',NULL,56,137),(1778,'nok',NULL,NULL,'',NULL,14,137),(1779,'nok',NULL,NULL,'',NULL,31,137),(1780,'ok',NULL,NULL,'B',5,65,137),(1781,'ok',NULL,NULL,'A',4,69,137),(1782,'nok',NULL,NULL,'',NULL,42,137),(1783,'ok',NULL,NULL,'A',5,64,137),(1784,'ok',0,0,'A',1,2,138),(1787,'ok',0,0,'B',5,52,138),(1788,'ok',1,0,'A',3,62,138),(1789,'ok',0,0,'A',5,66,138),(1790,'nok',NULL,NULL,'',NULL,59,138),(1791,'ok',0,0,'B',3,53,138),(1792,'ok',5,0,'B',1,16,138),(1793,'ok',0,0,'A',2,14,138),(1795,'ok',2,0,'B',4,56,138),(1796,'ok',NULL,NULL,'B',2,42,138),(1797,'nok',NULL,NULL,'',NULL,21,138),(1798,'nok',NULL,NULL,'',NULL,61,138),(1799,'ok',0,0,'B',6,64,138),(1800,'nok',NULL,NULL,'',NULL,45,138),(1801,'nok',NULL,NULL,'',NULL,29,138),(1802,'nok',NULL,NULL,'',NULL,31,138),(1803,'nok',NULL,NULL,'',NULL,17,138),(1804,'ok',NULL,NULL,'A',6,70,138),(1805,'ok',3,0,'B',1,2,139),(1807,'ok',1,0,'A',4,45,139),(1808,'ok',0,0,'A',5,52,139),(1809,'ok',2,0,'B',3,62,139),(1810,'nok',NULL,NULL,'',NULL,56,139),(1811,'ok',1,0,'A',6,59,139),(1812,'nok',NULL,NULL,'',NULL,21,139),(1813,'ok',NULL,NULL,'A',2,42,139),(1814,'ok',3,0,'A',1,16,139),(1815,'ok',3,0,'B',4,53,139),(1816,'ok',1,0,'B',6,64,139),(1817,'ok',NULL,NULL,'A',3,61,139),(1818,'ok',0,0,'B',2,65,139),(1819,'ok',0,0,'B',5,31,139),(1820,'ok',0,0,'A',7,66,139),(1821,'nok',NULL,NULL,'',NULL,17,139),(1822,'nok',NULL,NULL,'',NULL,29,139),(1823,'ok',3,0,'B',1,2,140),(1825,'ok',1,0,'B',5,45,140),(1826,'ok',0,0,'A',5,52,140),(1827,'ok',3,0,'B',4,62,140),(1828,'nok',NULL,NULL,'',NULL,42,140),(1829,'ok',2,0,'A',1,16,140),(1830,'ok',0,0,'B',6,66,140),(1831,'ok',2,0,'B',3,59,140),(1833,'ok',0,0,'A',3,56,140),(1834,'nok',NULL,NULL,'',NULL,21,140),(1835,'ok',1,0,'B',2,53,140),(1836,'ok',2,0,'A',6,64,140),(1837,'ok',NULL,NULL,'A',4,61,140),(1838,'nok',NULL,NULL,'',NULL,29,140),(1839,'ok',0,0,'A',2,14,140),(1840,'ok',5,0,'B',2,2,141),(1842,'ok',0,0,'A',4,45,141),(1845,'ok',1,0,'A',2,16,141),(1846,'ok',1,0,'B',3,59,141),(1848,'ok',1,0,'A',3,53,141),(1849,'nok',NULL,NULL,'',NULL,42,141),(1850,'nok',NULL,NULL,'',NULL,56,141),(1851,'nok',NULL,NULL,'',NULL,52,141),(1852,'ok',1,0,'B',4,64,141),(1853,'nok',NULL,NULL,'',NULL,17,141),(1854,'nok',NULL,NULL,'',NULL,66,141),(1856,'ok',1,0,'A',1,21,141),(1857,'nok',NULL,NULL,'',NULL,62,141),(1859,'ok',NULL,NULL,'A',5,61,141),(1860,'nok',NULL,NULL,'',NULL,18,141),(1861,'ok',0,0,'B',5,65,141),(1862,'ok',NULL,NULL,'B',1,23,141),(1863,'nok',NULL,NULL,'',NULL,14,141),(1864,'ok',1,0,'A',2,2,142),(1866,'ok',1,0,'A',4,45,142),(1867,'ok',0,0,'A',5,52,142),(1868,'ok',3,0,'A',1,62,142),(1869,'ok',2,0,'A',3,59,142),(1871,'ok',1,0,'B',4,53,142),(1872,'ok',1,0,'B',3,64,142),(1873,'ok',1,0,'B',5,66,142),(1874,'nok',NULL,NULL,'',NULL,17,142),(1875,'ok',5,0,'B',1,16,142),(1876,'nok',NULL,NULL,'',NULL,18,142),(1877,'ok',4,0,'B',2,21,142),(1878,'ok',0,0,'A',2,2,143),(1879,'ok',2,0,'A',1,21,143),(1880,'ok',0,0,'A',4,45,143),(1881,'ok',0,0,'A',5,52,143),(1882,'ok',2,0,'B',2,62,143),(1883,'ok',0,0,'B',3,53,143),(1885,'ok',0,0,'A',3,59,143),(1886,'ok',2,0,'B',5,66,143),(1887,'ok',0,0,'B',4,56,143),(1888,'nok',NULL,NULL,'',NULL,29,143),(1889,'nok',NULL,NULL,'',NULL,18,143),(1890,'ok',0,0,'B',1,16,143),(1891,'nok',NULL,NULL,'',NULL,17,143),(1892,'ok',NULL,NULL,'B',1,2,144),(1894,'ok',NULL,NULL,'A',4,45,144),(1895,'ok',NULL,NULL,'B',5,52,144),(1896,'ok',NULL,NULL,'B',4,62,144),(1897,'ok',NULL,NULL,'A',3,66,144),(1898,'nok',NULL,NULL,'',NULL,21,144),(1899,'nok',NULL,NULL,'',NULL,56,144),(1900,'ok',NULL,NULL,'B',2,53,144),(1902,'nok',NULL,NULL,'',NULL,17,144),(1903,'nok',NULL,NULL,'',NULL,29,144),(1904,'ok',NULL,NULL,'A',1,16,144),(1905,'ok',NULL,NULL,'B',3,64,144),(1906,'ok',NULL,NULL,'A',5,65,144),(1907,'ok',NULL,NULL,'A',2,58,144),(1908,'ok',1,0,'B',2,2,145),(1909,'ok',1,2,'B',3,59,145),(1911,'ok',1,0,'B',5,52,145),(1912,'ok',2,0,'A',2,62,145),(1913,'nok',NULL,NULL,'',NULL,45,145),(1914,'nok',NULL,NULL,'',NULL,17,145),(1915,'ok',0,0,'B',1,16,145),(1916,'nok',NULL,NULL,'',0,64,145),(1917,'nok',NULL,NULL,'',NULL,66,145),(1918,'ok',0,0,'B',4,71,145),(1919,'nok',NULL,NULL,'',NULL,29,145),(1920,'ok',0,0,'A',3,53,145),(1921,'ok',NULL,NULL,'A',4,61,145),(1922,'nok',NULL,NULL,'',NULL,56,145),(1923,'ok',2,2,'A',5,65,145),(1924,'ok',2,1,'B',1,2,146),(1925,'ok',2,2,'A',1,21,146),(1926,'ok',1,0,'B',3,45,146),(1927,'ok',0,1,'B',4,52,146),(1928,'ok',2,1,'A',2,62,146),(1929,'nok',NULL,NULL,'',NULL,64,146),(1930,'ok',0,1,'B',2,66,146),(1931,'ok',0,0,'A',4,71,146),(1932,'ok',0,1,'A',3,59,146),(1933,'ok',0,0,'A',1,69,145),(1934,'ok',2,1,'B',5,72,146),(1935,'nok',NULL,NULL,'',NULL,56,146),(1936,'nok',NULL,NULL,'',NULL,16,146),(1937,'nok',NULL,NULL,'',NULL,14,146),(1938,'nok',NULL,NULL,'',NULL,53,146),(1939,'nok',NULL,NULL,'',NULL,17,146),(1940,'nok',NULL,NULL,'',NULL,29,146),(1941,'ok',NULL,NULL,'A',5,65,146),(1943,'ok',2,2,'A',1,21,147),(1944,'ok',3,1,'B',5,45,147),(1945,'ok',0,0,'A',5,52,147),(1946,'ok',2,1,'A',4,62,147),(1947,'ok',0,0,'A',3,66,147),(1948,'ok',0,0,'B',1,16,147),(1949,'ok',0,0,'B',4,59,147),(1950,'ok',0,4,'B',3,72,147),(1953,'nok',NULL,NULL,'',NULL,2,147),(1954,'nok',NULL,NULL,'',NULL,56,147),(1955,'ok',0,0,'B',2,31,147),(1956,'nok',NULL,NULL,'',NULL,71,147),(1957,'ok',0,0,'A',2,14,147),(1959,'ok',2,2,'A',1,21,148),(1960,'ok',1,0,'B',4,45,148),(1961,'ok',1,1,'A',5,52,148),(1962,'ok',6,0,'A',2,62,148),(1963,'ok',1,0,'B',1,72,148),(1964,'ok',0,0,'B',3,59,148),(1965,'ok',1,1,'B',5,31,148),(1966,'nok',NULL,NULL,'',NULL,2,148),(1967,'nok',NULL,NULL,'',NULL,17,148),(1968,'nok',NULL,NULL,'',NULL,66,148),(1969,'ok',2,2,'A',3,53,148),(1970,'nok',NULL,NULL,'',NULL,56,148),(1971,'nok',NULL,NULL,'',NULL,16,148),(1972,'ok',NULL,NULL,'B',2,65,148),(1973,'nok',NULL,NULL,'',NULL,71,148),(1974,'ok',NULL,NULL,'A',4,69,148),(1977,'ok',0,0,'A',5,45,149),(1978,'ok',0,0,'B',6,52,149),(1979,'ok',3,2,'A',2,62,149),(1980,'ok',0,0,'B',5,66,149),(1981,'nok',NULL,NULL,'',NULL,21,149),(1982,'nok',NULL,NULL,'',NULL,2,149),(1983,'ok',0,0,'A',3,72,149),(1984,'nok',NULL,NULL,'',NULL,56,149),(1985,'ok',0,0,'B',3,53,149),(1986,'nok',NULL,NULL,'',NULL,17,149),(1987,'ok',0,0,'A',1,16,149),(1989,'ok',0,0,'B',2,14,149),(1990,'ok',0,0,'B',4,64,149),(1993,'ok',NULL,NULL,'A',4,65,149),(1994,'nok',NULL,NULL,'',NULL,61,149),(1995,'nok',NULL,NULL,'',NULL,31,149),(1996,'nok',NULL,NULL,'',NULL,59,149),(1997,'nok',NULL,NULL,'',NULL,71,149),(1998,'ok',NULL,NULL,'B',1,69,149),(2015,'ok',1,2,'A',2,2,151),(2016,'ok',1,0,'A',1,21,151),(2017,'ok',1,1,'B',5,45,151),(2018,'ok',0,0,'A',5,52,151),(2019,'ok',3,2,'A',3,62,151),(2020,'ok',1,1,'B',3,72,151),(2021,'nok',NULL,NULL,'',NULL,66,151),(2022,'ok',1,1,'B',2,14,151),(2023,'ok',0,0,'A',4,64,151),(2024,'ok',0,0,'B',6,71,151),(2025,'ok',0,0,'B',1,16,151),(2026,'ok',0,0,'B',4,53,151),(2028,'nok',NULL,NULL,'',NULL,29,151),(2029,'ok',0,0,'',NULL,59,151),(2030,'ok',3,1,'B',1,2,152),(2031,'ok',5,0,'A',1,21,152),(2032,'ok',1,1,'A',4,45,152),(2033,'ok',2,0,'B',5,52,152),(2036,'ok',0,0,'A',2,53,152),(2037,'nok',NULL,NULL,'',NULL,16,152),(2038,'ok',0,1,'A',3,59,152),(2039,'ok',0,0,'B',2,72,152),(2040,'nok',NULL,NULL,'',NULL,66,152),(2041,'ok',0,1,'B',4,64,152),(2042,'nok',NULL,NULL,'',NULL,56,152),(2043,'nok',NULL,NULL,'',NULL,14,152),(2044,'nok',NULL,NULL,'',NULL,62,152),(2045,'ok',0,0,'A',5,71,152),(2046,'ok',1,3,'B',3,58,152),(2047,'ok',0,0,'B',6,76,152),(2049,'ok',1,1,'B',2,2,153),(2050,'ok',1,0,'A',1,21,153),(2051,'ok',1,3,'B',6,45,153),(2052,'ok',0,0,'A',6,52,153),(2053,'ok',1,3,'A',2,62,153),(2054,'ok',0,1,'B',3,53,153),(2055,'ok',2,2,'A',3,14,153),(2056,'ok',2,1,'A',5,59,153),(2057,'ok',0,0,'B',4,72,153),(2058,'nok',NULL,NULL,'',NULL,66,153),(2059,'ok',3,0,'B',1,16,153),(2060,'ok',1,0,'A',4,56,153),(2061,'ok',1,1,'B',5,64,153),(2062,'nok',NULL,NULL,'',NULL,29,153),(2063,'ok',1,0,'B',2,2,154),(2064,'ok',3,1,'A',1,21,154),(2066,'ok',0,0,'B',6,52,154),(2067,'ok',1,3,'A',2,62,154),(2068,'ok',0,0,'B',1,16,154),(2069,'nok',NULL,NULL,'',NULL,66,154),(2070,'nok',NULL,NULL,'',NULL,56,154),(2071,'ok',1,1,'A',3,14,154),(2072,'ok',3,1,'B',5,59,154),(2073,'nok',NULL,NULL,'',NULL,45,154),(2074,'nok',NULL,NULL,'',NULL,64,154),(2075,'ok',0,1,'B',3,53,154),(2076,'ok',1,2,'B',4,76,154),(2077,'ok',0,0,'A',4,72,154),(2078,'ok',1,2,'A',5,44,154),(2079,'nok',NULL,NULL,'',NULL,71,154),(2080,'ok',NULL,NULL,'A',6,65,154),(2081,'ok',2,0,'A',2,2,155),(2084,'ok',0,0,'B',5,52,155),(2085,'ok',1,0,'A',1,62,155),(2086,'ok',0,0,'B',4,59,155),(2087,'nok',NULL,NULL,'',NULL,21,155),(2088,'ok',0,0,'A',4,76,155),(2089,'nok',NULL,NULL,'',NULL,56,155),(2090,'ok',0,0,'B',3,72,155),(2091,'ok',0,0,'A',3,53,155),(2092,'nok',NULL,NULL,'',NULL,66,155),(2094,'nok',NULL,NULL,'',NULL,58,155),(2096,'nok',NULL,NULL,'',NULL,45,155),(2097,'ok',0,0,'A',5,71,155),(2099,'nok',NULL,NULL,'',NULL,44,155),(2100,'ok',1,0,'B',1,16,155),(2101,'ok',0,1,'B',2,14,155),(2104,'ok',1,0,'A',4,45,156),(2105,'ok',0,0,'A',5,52,156),(2106,'ok',0,1,'B',1,62,156),(2107,'nok',NULL,NULL,'',NULL,66,156),(2108,'nok',NULL,NULL,'',NULL,21,156),(2109,'nok',NULL,NULL,'',NULL,53,156),(2110,'ok',1,2,'B',3,59,156),(2111,'ok',0,1,'B',5,76,156),(2112,'ok',0,0,'B',4,72,156),(2113,'ok',1,0,'B',2,44,156),(2114,'nok',NULL,NULL,'',NULL,2,156),(2115,'ok',1,0,'A',3,56,156),(2116,'ok',0,0,'A',1,16,156),(2117,'ok',0,1,'A',2,14,156),(2118,'nok',NULL,NULL,'',NULL,64,156),(2120,'nok',NULL,NULL,'',NULL,79,156),(2121,'nok',NULL,NULL,'',NULL,71,156),(2140,'ok',1,0,'B',1,2,158),(2142,'ok',1,0,'A',4,45,158),(2143,'ok',0,1,'A',5,52,158),(2145,'ok',1,1,'B',5,76,158),(2146,'nok',NULL,NULL,'',NULL,21,158),(2147,'nok',NULL,NULL,'',NULL,14,158),(2148,'ok',0,0,'A',1,16,158),(2149,'nok',NULL,NULL,'',NULL,56,158),(2150,'ok',0,0,'B',4,64,158),(2151,'ok',0,0,'B',3,59,158),(2152,'nok',NULL,NULL,'',NULL,72,158),(2153,'nok',NULL,NULL,'',NULL,66,158),(2154,'nok',NULL,NULL,'',NULL,79,158),(2155,'ok',0,0,'A',3,53,158),(2156,'ok',5,2,'B',2,44,158),(2157,'nok',NULL,NULL,'',NULL,62,158),(2158,'ok',2,0,'A',2,80,158),(2159,'ok',2,3,'B',1,2,159),(2160,'ok',1,1,'A',1,21,159),(2161,'ok',1,0,'A',4,45,159),(2162,'ok',0,0,'A',5,52,159),(2163,'ok',4,3,'B',2,62,159),(2164,'nok',NULL,NULL,'',NULL,56,159),(2165,'nok',NULL,NULL,'',NULL,59,159),(2166,'ok',1,0,'B',3,53,159),(2167,'ok',0,0,'B',5,76,159),(2168,'nok',NULL,NULL,'',NULL,72,159),(2169,'ok',2,1,'A',2,14,159),(2172,'ok',3,1,'B',4,64,159),(2173,'nok',NULL,NULL,'',NULL,66,159),(2174,'ok',0,0,'A',3,77,159),(2175,'nok',NULL,NULL,'',NULL,80,159),(2176,'nok',NULL,NULL,'',NULL,44,159),(2177,'ok',0,0,'A',6,71,159),(2178,'nok',NULL,NULL,'',NULL,16,159),(2179,'ok',0,1,'B',6,81,159),(2180,'ok',3,3,'B',2,2,160),(2181,'ok',2,2,'B',1,21,160),(2183,'ok',0,0,'B',6,52,160),(2184,'ok',2,1,'A',2,62,160),(2185,'nok',NULL,NULL,'',NULL,66,160),(2186,'ok',1,0,'A',4,64,160),(2187,'ok',1,1,'B',4,53,160),(2188,'ok',0,0,'A',6,77,160),(2189,'nok',NULL,NULL,'',NULL,72,160),(2190,'ok',2,1,'B',3,14,160),(2191,'ok',1,1,'B',5,76,160),(2192,'ok',0,0,'A',1,81,160),(2193,'ok',0,2,'A',5,59,160),(2194,'nok',NULL,NULL,'',NULL,45,160),(2195,'ok',1,1,'A',3,16,160),(2196,'ok',3,2,'B',1,2,161),(2200,'ok',3,0,'A',1,62,161),(2201,'nok',NULL,NULL,'',NULL,21,161),(2202,'nok',NULL,NULL,'',NULL,52,161),(2203,'ok',0,3,'B',5,64,161),(2204,'ok',3,2,'B',4,80,161),(2205,'ok',0,0,'A',2,81,161),(2206,'ok',0,1,'A',5,59,161),(2207,'ok',0,0,'A',4,76,161),(2208,'nok',NULL,NULL,'',NULL,77,161),(2209,'nok',NULL,NULL,'',NULL,45,161),(2210,'nok',NULL,NULL,'',NULL,71,161),(2211,'ok',2,3,'B',1,2,162),(2213,'ok',1,0,'A',4,45,162),(2214,'ok',0,0,'A',5,52,162),(2215,'ok',0,2,'A',2,62,162),(2216,'ok',0,1,'B',2,53,162),(2217,'nok',NULL,NULL,'',NULL,29,161),(2218,'nok',NULL,NULL,'',NULL,18,162),(2219,'ok',1,0,'A',1,80,162),(2220,'nok',NULL,NULL,'',NULL,66,161),(2221,'nok',NULL,NULL,'',NULL,66,162),(2222,'nok',NULL,NULL,'',NULL,21,162),(2223,'ok',NULL,NULL,'B',3,65,161),(2225,'nok',NULL,NULL,'',NULL,56,161),(2226,'nok',NULL,NULL,'',NULL,56,162),(2227,'nok',NULL,NULL,'',NULL,16,161),(2228,'nok',NULL,NULL,'',NULL,16,162),(2229,'nok',NULL,NULL,'',NULL,82,162),(2230,'nok',NULL,NULL,'',NULL,82,161),(2231,'nok',NULL,NULL,'',NULL,58,161),(2233,'ok',1,0,'B',3,58,162),(2234,'ok',1,1,'A',6,84,162),(2235,'ok',1,0,'A',3,64,162),(2236,'ok',1,1,'B',2,53,161),(2237,'nok',NULL,NULL,'',NULL,79,161),(2238,'nok',NULL,NULL,'',NULL,72,161),(2239,'nok',NULL,NULL,'',NULL,31,161),(2241,'nok',NULL,NULL,'',NULL,18,161),(2242,'ok',1,0,'B',4,76,162),(2243,'ok',NULL,NULL,'A',3,69,161),(2244,'ok',NULL,NULL,'A',7,85,161),(2245,'ok',NULL,NULL,'B',7,86,161),(2246,'ok',NULL,NULL,'A',6,87,161),(2247,'ok',NULL,NULL,'B',6,88,161),(2248,'ok',3,3,'B',1,2,163),(2249,'ok',2,0,'A',1,21,163),(2251,'ok',0,1,'B',6,52,163),(2252,'ok',0,2,'A',2,62,163),(2253,'nok',NULL,NULL,'',NULL,72,163),(2254,'nok',NULL,NULL,'',NULL,84,163),(2255,'ok',1,1,'B',3,64,163),(2256,'ok',0,1,'A',4,59,163),(2258,'ok',1,0,'B',5,66,163),(2259,'nok',NULL,NULL,'',NULL,71,162),(2260,'ok',2,2,'B',6,90,162),(2262,'ok',0,0,'A',5,81,163),(2263,'nok',NULL,NULL,'',NULL,89,163),(2264,'nok',NULL,NULL,'',NULL,45,163),(2265,'ok',1,0,'A',3,53,163),(2266,'ok',2,1,'A',2,2,164),(2268,'ok',3,2,'B',6,45,164),(2269,'ok',0,2,'B',7,52,164),(2270,'ok',2,2,'B',2,62,164),(2271,'nok',NULL,NULL,'',NULL,72,164),(2272,'nok',NULL,NULL,'',NULL,90,163),(2273,'ok',1,1,'B',2,16,163),(2274,'ok',2,1,'B',4,76,163),(2275,'ok',1,0,'A',4,76,164),(2276,'nok',NULL,NULL,'',NULL,21,164),(2277,'nok',NULL,NULL,'',NULL,77,163),(2278,'ok',5,4,'A',5,58,164),(2280,'nok',NULL,NULL,'',NULL,80,163),(2281,'ok',2,0,'B',1,80,164),(2282,'ok',1,1,'B',4,53,164),(2283,'nok',NULL,NULL,'',NULL,18,163),(2284,'ok',0,0,'A',3,18,164),(2285,'ok',1,1,'A',6,84,164),(2286,'nok',NULL,NULL,'',NULL,77,164),(2287,'nok',NULL,NULL,'',NULL,44,163),(2290,'ok',0,0,'A',6,71,163),(2291,'ok',0,0,'A',1,90,164),(2292,'nok',NULL,NULL,'',NULL,44,164),(2293,'ok',0,1,'A',7,91,164),(2294,'nok',NULL,NULL,'',NULL,71,164),(2295,'ok',1,1,'B',1,2,165),(2296,'ok',2,0,'A',1,21,165),(2297,'ok',1,1,'B',5,45,165),(2298,'ok',1,0,'B',6,52,165),(2299,'ok',1,1,'A',2,62,165),(2300,'nok',NULL,NULL,'',NULL,72,165),(2301,'ok',0,0,'A',4,66,165),(2302,'ok',0,1,'B',5,64,164),(2303,'ok',0,1,'A',6,64,165),(2304,'ok',1,0,'A',5,81,165),(2307,'nok',NULL,NULL,'',NULL,81,164),(2308,'nok',NULL,NULL,'',NULL,66,164),(2309,'ok',0,0,'A',3,53,165),(2310,'nok',NULL,NULL,'',NULL,89,164),(2311,'nok',NULL,NULL,'',NULL,89,165),(2312,'ok',0,0,'B',4,76,165),(2313,'nok',NULL,NULL,'',NULL,82,164),(2314,'ok',0,2,'B',8,83,164),(2315,'ok',0,1,'A',8,92,164),(2316,'ok',NULL,NULL,'B',3,65,164),(2317,'nok',NULL,NULL,'',NULL,84,165),(2318,'nok',NULL,NULL,'',NULL,90,165),(2319,'ok',3,2,'B',1,2,166),(2322,'ok',0,0,'B',2,52,166),(2323,'ok',1,1,'A',2,62,166),(2324,'nok',NULL,NULL,'',NULL,72,166),(2327,'ok',0,0,'B',3,77,165),(2328,'nok',NULL,NULL,'',NULL,80,165),(2329,'nok',NULL,NULL,'',NULL,81,166),(2330,'ok',0,0,'A',4,64,166),(2331,'nok',NULL,NULL,'',NULL,91,165),(2332,'ok',1,0,'A',3,91,166),(2334,'nok',NULL,NULL,'',NULL,56,165),(2335,'nok',NULL,NULL,'',NULL,56,166),(2336,'ok',0,0,'A',5,18,166),(2338,'nok',NULL,NULL,'',NULL,18,165),(2339,'ok',3,4,'B',6,90,166),(2340,'ok',0,2,'B',4,53,166),(2341,'nok',NULL,NULL,'',NULL,21,166),(2342,'ok',0,0,'B',2,16,165),(2343,'nok',NULL,NULL,'',NULL,89,166),(2344,'ok',0,0,'',NULL,14,165),(2345,'nok',NULL,NULL,'',NULL,84,166),(2346,'ok',3,1,'B',1,2,167),(2347,'ok',1,0,'A',1,21,167),(2348,'ok',1,1,'A',5,45,167),(2349,'ok',0,0,'B',4,52,167),(2350,'ok',2,1,'B',2,62,167),(2351,'nok',NULL,NULL,'',NULL,72,167),(2352,'nok',NULL,NULL,'',NULL,45,166),(2356,'nok',NULL,NULL,'',NULL,16,166),(2357,'ok',0,0,'A',3,14,167),(2358,'nok',NULL,NULL,'',NULL,14,166),(2359,'nok',NULL,NULL,'',NULL,82,166),(2360,'ok',0,0,'A',6,64,167),(2364,'nok',NULL,NULL,'',NULL,81,167),(2365,'ok',1,3,'A',1,80,166),(2366,'nok',NULL,NULL,'',NULL,80,167),(2367,'ok',3,0,'B',5,66,166),(2368,'ok',0,0,'B',3,53,167),(2369,'nok',NULL,NULL,'',NULL,90,167),(2371,'nok',NULL,NULL,'',NULL,58,166),(2374,'nok',NULL,NULL,'',NULL,76,166),(2375,'nok',NULL,NULL,'',NULL,76,167),(2376,'ok',0,2,'A',4,59,167),(2377,'nok',NULL,NULL,'',NULL,59,166),(2378,'ok',0,0,'A',6,77,166),(2379,'nok',NULL,NULL,'',NULL,89,167),(2380,'nok',NULL,NULL,'',NULL,66,167),(2381,'ok',NULL,NULL,'B',3,65,166),(2382,'ok',0,0,'A',2,16,167),(2391,'nok',NULL,NULL,'',NULL,92,167),(2394,'nok',NULL,NULL,'',NULL,84,167),(2396,'ok',0,2,'B',6,91,167),(2402,'nok',NULL,NULL,'',NULL,77,167),(2405,'nok',NULL,NULL,'',NULL,71,167),(2407,'nok',NULL,NULL,'',NULL,65,167),(2408,'ok',NULL,NULL,'B',5,85,167),(2411,'ok',1,3,'A',1,2,169),(2413,'ok',2,1,'B',3,45,169),(2414,'ok',0,0,'B',5,52,169),(2415,'ok',3,1,'A',2,62,169),(2416,'nok',NULL,NULL,'',NULL,72,169),(2417,'nok',NULL,NULL,'',NULL,66,169),(2418,'nok',NULL,NULL,'',NULL,64,169),(2419,'ok',0,0,'B',2,53,169),(2420,'nok',NULL,NULL,'',NULL,89,169),(2421,'ok',1,0,'A',4,31,169),(2422,'ok',1,0,'A',3,59,169),(2424,'ok',0,0,'A',5,81,169),(2433,'nok',NULL,NULL,'',NULL,18,169),(2435,'nok',NULL,NULL,'',NULL,80,169),(2436,'nok',NULL,NULL,'',NULL,90,169),(2439,'nok',NULL,NULL,'',NULL,14,169),(2441,'ok',2,2,'B',4,91,169),(2442,'nok',NULL,NULL,'',NULL,21,169),(2443,'ok',0,0,'B',1,16,169),(2444,'nok',NULL,NULL,'',NULL,82,169),(2446,'nok',NULL,NULL,'',NULL,77,169),(2448,'ok',0,0,'B',6,71,169),(2449,'ok',NULL,NULL,'A',6,70,169),(2451,'ok',2,2,'B',1,2,171),(2452,'ok',2,0,'A',1,21,171),(2453,'ok',3,1,'A',4,45,171),(2454,'ok',0,0,'A',6,52,171),(2455,'ok',2,2,'A',2,62,171),(2456,'nok',NULL,NULL,'',NULL,72,171),(2458,'ok',0,2,'B',6,81,171),(2459,'ok',1,0,'A',5,31,171),(2460,'nok',NULL,NULL,'',NULL,89,171),(2461,'nok',NULL,NULL,'',NULL,84,171),(2462,'ok',0,0,'B',4,76,171),(2463,'nok',NULL,NULL,'',NULL,18,171),(2464,'ok',1,1,'B',5,59,171),(2465,'nok',NULL,NULL,'',NULL,82,171),(2466,'ok',1,1,'B',3,66,171),(2467,'nok',NULL,NULL,'',NULL,90,171),(2468,'ok',0,0,'A',3,53,171),(2469,'ok',4,4,'B',2,91,171),(2470,'nok',NULL,NULL,'',NULL,71,171),(2471,'nok',NULL,NULL,'',NULL,77,171),(2472,'ok',0,0,'A',1,2,172),(2474,'ok',1,0,'B',3,45,172),(2475,'ok',0,0,'A',5,52,172),(2476,'ok',0,2,'B',1,62,172),(2477,'nok',NULL,NULL,'',NULL,72,172),(2478,'ok',0,0,'B',2,53,172),(2479,'ok',2,0,'B',4,59,172),(2480,'nok',NULL,NULL,'',NULL,21,172),(2481,'ok',1,0,'B',5,81,172),(2482,'nok',NULL,NULL,'',NULL,89,172),(2483,'ok',1,1,'A',4,31,172),(2484,'nok',NULL,NULL,'',NULL,82,172),(2485,'ok',0,0,'A',3,76,172),(2486,'nok',NULL,NULL,'',NULL,66,172),(2487,'nok',NULL,NULL,'',NULL,14,172),(2488,'ok',2,0,'A',2,91,172),(2489,'nok',NULL,NULL,'',NULL,16,172),(2497,'ok',0,1,'A',1,2,174),(2500,'ok',0,0,'B',5,52,174),(2501,'ok',2,1,'A',2,62,174),(2502,'nok',NULL,NULL,'',NULL,72,174),(2503,'nok',NULL,NULL,'',NULL,81,174),(2504,'ok',1,2,'B',3,59,174),(2505,'nok',NULL,NULL,'',NULL,82,174),(2506,'ok',3,1,'B',1,91,174),(2507,'ok',0,0,'B',4,31,174),(2508,'ok',1,1,'B',2,53,174),(2509,'nok',NULL,NULL,'',NULL,89,174),(2511,'nok',NULL,NULL,'',NULL,90,174),(2512,'nok',NULL,NULL,'',NULL,21,174),(2513,'nok',NULL,NULL,'',NULL,45,174),(2514,'ok',1,1,'A',3,64,174),(2515,'ok',0,0,'A',4,71,174),(2516,'nok',NULL,NULL,'',NULL,76,174),(2517,'nok',NULL,NULL,'',NULL,77,174),(2519,'ok',4,2,'B',1,2,175),(2520,'ok',2,1,'A',1,21,175),(2522,'ok',1,0,'B',6,52,175),(2523,'ok',0,4,'A',2,62,175),(2524,'nok',NULL,NULL,'',NULL,72,175),(2525,'ok',3,0,'A',3,53,175),(2526,'ok',0,2,'B',4,64,175),(2528,'ok',0,1,'B',3,66,175),(2530,'ok',3,1,'B',5,59,175),(2531,'ok',2,3,'B',2,91,175),(2532,'ok',0,0,'A',6,71,175),(2533,'nok',NULL,NULL,'',NULL,31,175),(2534,'ok',1,1,'A',5,81,175),(2535,'nok',NULL,NULL,'',NULL,45,175),(2536,'ok',3,2,'A',4,76,175),(2537,'ok',0,1,'B',1,2,176),(2538,'ok',3,2,'A',1,21,176),(2540,'ok',1,1,'A',6,52,176),(2541,'ok',3,0,'B',2,62,176),(2542,'nok',NULL,NULL,'',NULL,72,176),(2543,'ok',0,0,'A',4,64,176),(2544,'ok',0,1,'B',6,81,176),(2545,'nok',NULL,NULL,'',NULL,66,176),(2546,'ok',4,4,'A',5,59,176),(2547,'ok',0,1,'B',4,53,176),(2548,'nok',NULL,NULL,'',NULL,45,176),(2549,'ok',7,1,'A',3,91,176),(2550,'ok',1,0,'A',2,16,176),(2551,'ok',1,1,'B',3,14,176),(2552,'ok',1,0,'B',5,76,176),(2553,'ok',3,2,'A',2,2,177),(2554,'ok',3,1,'A',1,21,177),(2556,'ok',2,0,'B',6,52,177),(2557,'ok',2,3,'B',2,62,177),(2558,'nok',NULL,NULL,'',NULL,72,177),(2559,'ok',4,2,'B',1,91,177),(2560,'ok',3,1,'A',5,81,177),(2561,'ok',2,1,'B',3,53,177),(2562,'nok',NULL,NULL,'',NULL,45,177),(2563,'ok',0,1,'A',4,59,177),(2564,'ok',0,1,'B',4,64,177),(2565,'ok',1,1,'B',5,76,177),(2566,'nok',NULL,NULL,'',NULL,58,177),(2567,'nok',NULL,NULL,'',NULL,56,177),(2569,'ok',0,1,'A',3,66,177),(2570,'nok',NULL,NULL,'',NULL,90,177),(2571,'nok',NULL,NULL,'',NULL,89,177),(2572,'nok',NULL,NULL,'',NULL,14,177),(2573,'nok',NULL,NULL,'',NULL,16,177),(2574,'nok',NULL,NULL,'',NULL,77,177),(2575,'nok',NULL,NULL,'',NULL,71,177),(2576,'ok',NULL,NULL,'A',6,85,177),(2577,'ok',0,0,'A',1,2,178),(2579,'ok',2,2,'A',4,45,178),(2580,'ok',0,0,'A',5,52,178),(2581,'ok',3,4,'A',2,62,178),(2582,'nok',NULL,NULL,'',NULL,72,178),(2583,'ok',1,1,'B',3,66,178),(2584,'ok',2,0,'A',3,64,178),(2585,'nok',NULL,NULL,'',NULL,90,178),(2586,'nok',NULL,NULL,'',NULL,59,178),(2587,'nok',NULL,NULL,'',NULL,91,178),(2588,'ok',0,2,'B',5,81,178),(2589,'ok',1,1,'B',2,53,178),(2590,'ok',2,1,'B',4,76,178),(2591,'nok',NULL,NULL,'',NULL,21,178),(2592,'ok',2,0,'A',6,71,178),(2593,'ok',4,0,'B',1,16,178),(2594,'ok',NULL,NULL,'B',6,85,178),(2595,'ok',2,1,'B',1,2,179),(2597,'ok',1,1,'A',5,45,179),(2598,'ok',0,0,'A',6,52,179),(2599,'ok',3,2,'B',2,62,179),(2600,'nok',NULL,NULL,'',NULL,72,179),(2601,'ok',0,0,'B',6,81,179),(2602,'nok',NULL,NULL,'',NULL,56,179),(2603,'ok',0,2,'B',4,64,179),(2604,'ok',0,1,'B',3,53,179),(2605,'nok',NULL,NULL,'',NULL,66,179),(2606,'ok',4,3,'A',1,91,179),(2607,'nok',NULL,NULL,'',NULL,89,179),(2608,'ok',2,1,'B',5,76,179),(2609,'ok',0,2,'A',4,59,179),(2610,'ok',0,0,'A',2,16,179),(2611,'nok',NULL,NULL,'',NULL,90,179),(2612,'nok',NULL,NULL,'',NULL,21,179),(2613,'ok',2,1,'A',3,14,179),(2614,'nok',NULL,NULL,'',NULL,77,179),(2615,'ok',NULL,NULL,'',NULL,71,179),(2616,'ok',3,2,'A',2,2,180),(2617,'ok',0,0,'A',1,16,180),(2619,'ok',0,0,'A',6,52,180),(2620,'ok',2,1,'B',2,62,180),(2621,'nok',NULL,NULL,'',NULL,72,180),(2622,'ok',0,1,'B',6,81,180),(2623,'nok',NULL,NULL,'',NULL,56,180),(2624,'ok',0,1,'B',4,66,180),(2625,'ok',5,2,'B',1,91,180),(2626,'ok',3,3,'A',4,59,180),(2627,'ok',3,2,'A',3,14,180),(2628,'ok',0,0,'B',3,53,180),(2629,'ok',3,1,'B',5,76,180),(2630,'ok',2,1,'A',5,31,180),(2631,'nok',NULL,NULL,'',NULL,77,180),(2632,'nok',NULL,NULL,'',NULL,64,180),(2633,'ok',0,0,'',NULL,16,180),(2634,'nok',NULL,NULL,'',NULL,45,180),(2635,'ok',3,2,'A',2,2,181),(2636,'ok',3,2,'A',1,21,181),(2637,'ok',0,0,'B',5,45,181),(2638,'ok',0,0,'B',6,52,181),(2639,'ok',0,3,'B',2,62,181),(2640,'nok',NULL,NULL,'',NULL,72,181),(2641,'ok',2,1,'B',4,59,181),(2642,'ok',0,1,'B',3,66,181),(2643,'ok',2,1,'B',1,91,181),(2644,'ok',0,1,'A',3,53,181),(2645,'nok',NULL,NULL,'',NULL,90,181),(2646,'ok',1,1,'A',4,76,181),(2647,'ok',1,0,'A',5,81,181),(2648,'nok',NULL,NULL,'',NULL,31,181),(2649,'nok',NULL,NULL,'',NULL,14,181),(2650,'ok',0,0,'A',6,93,181),(2651,'ok',NULL,NULL,'',NULL,61,181),(2652,'ok',0,0,'',NULL,16,181),(2653,'nok',NULL,NULL,'',NULL,77,181),(2654,'nok',NULL,NULL,'',NULL,71,181),(2655,'ok',2,1,'A',2,2,182),(2657,'ok',1,2,'A',1,21,182),(2659,'ok',0,0,'B',6,52,182),(2660,'ok',3,4,'B',2,62,182),(2661,'nok',NULL,NULL,'',NULL,72,182),(2662,'ok',0,1,'B',5,66,182),(2664,'ok',0,0,'B',3,64,182),(2665,'ok',5,1,'B',1,91,182),(2666,'ok',0,0,'A',5,81,182),(2667,'ok',0,0,'B',4,59,182),(2668,'ok',0,1,'A',3,53,182),(2669,'nok',NULL,NULL,'',NULL,93,182),(2670,'nok',NULL,NULL,'',NULL,45,182),(2671,'ok',NULL,NULL,'A',6,61,182),(2672,'ok',1,0,'A',4,76,182),(2673,'nok',NULL,NULL,'',NULL,77,182),(2674,'nok',NULL,NULL,'',NULL,14,182),(2675,'nok',NULL,NULL,'',NULL,16,182),(2676,'nok',NULL,NULL,'',NULL,31,182),(2677,'ok',2,4,'A',1,2,183),(2678,'nok',NULL,NULL,'',NULL,16,183),(2680,'ok',3,0,'B',5,45,183),(2681,'ok',0,0,'A',6,52,183),(2682,'ok',0,0,'B',2,62,183),(2683,'nok',NULL,NULL,'',NULL,72,183),(2684,'ok',0,0,'B',6,81,183),(2685,'ok',0,0,'A',2,64,183),(2686,'nok',NULL,NULL,'',NULL,29,183),(2688,'nok',NULL,NULL,'',NULL,90,183),(2689,'ok',2,1,'B',3,59,183),(2691,'nok',NULL,NULL,'',NULL,77,183),(2692,'ok',0,1,'A',3,53,183),(2693,'ok',0,1,'B',4,93,183),(2694,'ok',0,0,'A',4,76,183),(2695,'ok',1,0,'A',5,31,183),(2696,'nok',NULL,NULL,'',NULL,21,183),(2697,'ok',4,3,'B',1,91,183),(2698,'nok',NULL,NULL,'',NULL,66,183),(2702,'ok',3,2,'B',4,45,184),(2703,'ok',0,0,'B',5,52,184),(2704,'ok',3,2,'B',1,62,184),(2705,'ok',0,0,'A',3,76,184),(2706,'nok',NULL,NULL,'',NULL,72,184),(2707,'ok',2,1,'A',1,91,184),(2708,'nok',NULL,NULL,'',NULL,81,184),(2709,'nok',NULL,NULL,'',NULL,93,184),(2710,'ok',2,1,'B',2,59,184),(2711,'nok',NULL,NULL,'',NULL,77,184),(2712,'nok',NULL,NULL,'',NULL,90,184),(2713,'ok',0,0,'A',4,31,184),(2714,'nok',NULL,NULL,'',NULL,16,184),(2715,'nok',NULL,NULL,'',NULL,2,184),(2716,'nok',NULL,NULL,'',NULL,66,184),(2717,'ok',NULL,NULL,'A',2,65,184),(2718,'ok',NULL,NULL,'B',3,69,184),(2719,'ok',NULL,NULL,'A',5,85,184),(2720,'nok',NULL,NULL,'',NULL,21,184),(2722,'nok',NULL,NULL,'',NULL,86,184),(2723,'ok',3,1,'A',2,2,185),(2725,'ok',0,1,'A',1,21,185),(2726,'nok',NULL,NULL,'',NULL,45,185),(2727,'ok',0,0,'B',5,52,185),(2728,'ok',3,4,'B',2,62,185),(2729,'nok',NULL,NULL,'',NULL,76,185),(2730,'nok',NULL,NULL,'',NULL,72,185),(2731,'ok',0,0,'B',4,81,185),(2732,'ok',0,0,'A',4,64,185),(2733,'nok',NULL,NULL,'',NULL,59,185),(2734,'ok',0,0,'B',1,91,185),(2737,'ok',0,1,'B',3,53,185),(2738,'nok',NULL,NULL,'',NULL,77,185),(2739,'nok',NULL,NULL,'',NULL,89,185),(2740,'ok',NULL,NULL,'A',5,86,185),(2741,'ok',NULL,NULL,'B',6,85,185),(2742,'ok',NULL,NULL,'A',6,87,185),(2744,'ok',3,1,'A',3,16,185),(2745,'ok',2,2,'A',2,2,186),(2747,'ok',3,1,'B',1,21,186),(2749,'ok',0,0,'A',4,52,186),(2750,'ok',3,0,'B',2,62,186),(2752,'nok',NULL,NULL,'',NULL,72,186),(2753,'nok',NULL,NULL,'',NULL,64,186),(2756,'ok',4,3,'A',1,91,186),(2757,'nok',NULL,NULL,'',NULL,77,186),(2758,'nok',NULL,NULL,'',NULL,90,186),(2759,'nok',NULL,NULL,'',NULL,45,186),(2760,'nok',NULL,NULL,'',NULL,89,186),(2761,'ok',0,1,'B',3,66,186),(2762,'ok',1,0,'A',3,53,186),(2763,'nok',NULL,NULL,'',NULL,93,186),(2764,'nok',NULL,NULL,'',NULL,76,186),(2765,'ok',0,2,'B',4,81,186),(2766,'nok',NULL,NULL,'',NULL,31,186),(2767,'ok',NULL,NULL,'B',5,94,186),(2768,'nok',NULL,NULL,'',NULL,16,186),(2769,'nok',NULL,NULL,'',NULL,71,186),(2770,'ok',NULL,NULL,'A',5,85,186),(2772,'ok',2,0,'B',2,16,187),(2773,'ok',0,1,'A',1,21,187),(2774,'ok',0,0,'A',4,45,187),(2775,'ok',0,0,'A',5,52,187),(2776,'ok',0,0,'A',2,62,187),(2777,'ok',0,2,'B',4,76,187),(2778,'nok',NULL,NULL,'',NULL,72,187),(2779,'nok',NULL,NULL,'',NULL,91,187),(2780,'ok',0,2,'B',5,81,187),(2781,'nok',NULL,NULL,'',NULL,77,187),(2782,'ok',1,0,'A',3,53,187),(2783,'nok',NULL,NULL,'',NULL,90,187),(2784,'ok',0,0,'B',3,64,187),(2785,'nok',NULL,NULL,'',NULL,93,187),(2786,'nok',NULL,NULL,'',NULL,66,187),(2787,'nok',NULL,NULL,'',NULL,59,187),(2788,'ok',1,0,'B',1,80,187),(2789,'nok',NULL,NULL,'',NULL,2,187),(2790,'nok',NULL,NULL,'',NULL,71,187),(2813,'ok',1,0,'B',1,16,189),(2814,'ok',0,0,'A',1,21,189),(2815,'ok',0,0,'B',3,45,189),(2816,'ok',0,0,'B',5,52,189),(2818,'ok',1,0,'A',3,76,189),(2819,'nok',NULL,NULL,'',NULL,72,189),(2820,'ok',NULL,NULL,'B',2,64,189),(2821,'nok',NULL,NULL,'',NULL,93,189),(2822,'ok',0,0,'A',2,59,189),(2823,'ok',NULL,NULL,'A',5,61,189),(2824,'ok',0,0,'B',4,81,189),(2825,'ok',0,0,'A',4,31,189),(2826,'nok',NULL,NULL,'',NULL,77,189),(2827,'nok',NULL,NULL,'',NULL,2,189),(2828,'nok',NULL,NULL,'',NULL,62,189),(2829,'ok',1,2,'A',2,2,190),(2831,'ok',0,0,'B',1,21,190),(2832,'ok',1,1,'B',5,45,190),(2833,'ok',0,0,'B',6,52,190),(2834,'ok',1,1,'B',2,62,190),(2835,'ok',0,1,'A',4,76,190),(2836,'nok',NULL,NULL,'',NULL,72,190),(2837,'nok',NULL,NULL,'',NULL,64,190),(2838,'ok',4,2,'A',1,91,190),(2839,'nok',NULL,NULL,'',NULL,93,190),(2840,'ok',0,0,'A',5,31,190),(2841,'ok',3,0,'B',4,59,190),(2842,'ok',0,0,'B',3,53,190),(2843,'ok',NULL,NULL,'A',6,94,190),(2844,'nok',NULL,NULL,'',NULL,16,190),(2845,'nok',NULL,NULL,'',NULL,56,190),(2846,'ok',2,1,'A',3,95,190),(2847,'nok',NULL,NULL,'',NULL,89,190),(2848,'ok',2,3,'A',2,2,191),(2849,'ok',NULL,NULL,'A',4,16,191),(2850,'ok',4,1,'B',1,21,191),(2852,'ok',0,0,'A',6,52,191),(2853,'ok',2,2,'B',2,62,191),(2854,'ok',1,1,'B',5,76,191),(2855,'nok',NULL,NULL,'',NULL,66,191),(2856,'nok',NULL,NULL,'',NULL,72,191),(2857,'nok',NULL,NULL,'',NULL,45,191),(2858,'nok',NULL,NULL,'',NULL,89,191),(2859,'ok',1,4,'A',1,91,191),(2860,'ok',0,1,'B',3,53,191),(2861,'ok',NULL,NULL,'B',6,61,191),(2862,'nok',NULL,NULL,'',NULL,93,191),(2863,'ok',9,4,'A',3,95,191),(2864,'nok',NULL,NULL,'',NULL,56,191),(2865,'nok',NULL,NULL,'',NULL,31,191),(2866,'ok',NULL,NULL,'B',4,65,191),(2867,'ok',NULL,NULL,'A',5,69,191),(2924,'ok',4,2,'A',2,2,195),(2925,'ok',5,3,'B',1,21,195),(2926,'ok',0,0,'A',4,45,195),(2927,'ok',3,0,'B',4,52,195),(2928,'ok',4,2,'B',2,62,195),(2929,'ok',0,0,'A',3,76,195),(2930,'nok',NULL,NULL,'',NULL,16,195),(2931,'nok',NULL,NULL,'',NULL,66,195),(2932,'nok',NULL,NULL,'',NULL,64,195),(2933,'nok',NULL,NULL,'',NULL,72,195),(2935,'nok',NULL,NULL,'',NULL,81,195),(2936,'ok',1,1,'B',5,31,195),(2937,'ok',0,1,'A',5,93,195),(2938,'ok',5,3,'A',1,91,195),(2939,'nok',NULL,NULL,'',NULL,14,195),(2940,'ok',1,0,'B',3,53,195),(2941,'nok',NULL,NULL,'',NULL,96,195),(2943,'ok',6,3,'B',1,21,196),(2945,'ok',3,1,'A',4,52,196),(2947,'ok',0,0,'B',3,76,196),(2948,'nok',NULL,NULL,'',NULL,16,196),(2949,'nok',NULL,NULL,'',NULL,66,196),(2950,'nok',NULL,NULL,'',NULL,64,196),(2951,'nok',NULL,NULL,'',NULL,72,196),(2952,'ok',2,2,'B',2,53,196),(2953,'ok',10,2,'A',1,91,196),(2954,'nok',NULL,NULL,'',NULL,2,196),(2955,'nok',NULL,NULL,'',NULL,96,196),(2956,'nok',NULL,NULL,'',NULL,45,196),(2957,'ok',4,1,'B',4,31,196),(2958,'ok',1,2,'A',3,93,196),(2959,'nok',NULL,NULL,'',NULL,56,196),(2960,'nok',NULL,NULL,'',NULL,89,196),(2961,'nok',NULL,NULL,'',NULL,71,196),(2962,'nok',NULL,NULL,'',NULL,62,196),(2963,'ok',NULL,NULL,'A',2,65,196),(2964,'ok',6,5,'B',1,2,197),(2966,'ok',1,1,'A',3,45,197),(2967,'ok',0,2,'B',4,52,197),(2968,'ok',2,3,'A',2,62,197),(2969,'ok',3,2,'B',3,76,197),(2970,'nok',NULL,NULL,'',NULL,16,197),(2971,'nok',NULL,NULL,'',NULL,66,197),(2972,'nok',NULL,NULL,'',NULL,64,197),(2973,'nok',NULL,NULL,'',NULL,72,197),(2974,'ok',0,2,'A',4,53,197),(2975,'ok',9,2,'A',1,91,197),(2976,'nok',NULL,NULL,'',NULL,21,197),(2977,'ok',6,5,'B',2,96,197),(2978,'nok',NULL,NULL,'',NULL,31,197),(2979,'nok',NULL,NULL,'',NULL,93,197),(2980,'ok',4,4,'A',2,2,198),(2982,'ok',1,1,'B',4,45,198),(2983,'ok',2,0,'A',5,52,198),(2984,'ok',0,4,'B',2,62,198),(2985,'ok',2,0,'B',3,76,198),(2986,'nok',NULL,NULL,'',NULL,16,198),(2987,'nok',NULL,NULL,'',NULL,66,198),(2988,'nok',NULL,NULL,'',NULL,64,198),(2989,'nok',NULL,NULL,'',NULL,72,198),(2990,'ok',1,0,'A',3,53,198),(2991,'ok',2,2,'B',1,91,198),(2992,'nok',NULL,NULL,'',NULL,71,198),(2993,'ok',4,6,'A',1,96,198),(2994,'ok',2,1,'A',4,93,198),(2995,'nok',NULL,NULL,'',NULL,31,198),(2996,'nok',NULL,NULL,'',NULL,21,198),(2997,'ok',NULL,NULL,'B',5,86,198),(2998,'ok',4,3,'A',1,91,199),(2999,'ok',3,4,'A',2,2,199),(3000,'ok',4,2,'B',1,21,199),(3001,'ok',1,1,'B',5,45,199),(3002,'ok',0,0,'A',5,52,199),(3003,'ok',0,0,'B',2,62,199),(3004,'ok',5,2,'A',4,76,199),(3005,'nok',NULL,NULL,'',NULL,16,199),(3007,'nok',NULL,NULL,'',NULL,64,199),(3008,'nok',NULL,NULL,'',NULL,72,199),(3009,'ok',0,0,'B',4,66,199),(3010,'ok',0,0,'B',3,53,199),(3011,'ok',3,0,'A',3,93,199),(3013,'ok',NULL,NULL,'',NULL,2,200),(3015,'ok',NULL,NULL,'',NULL,45,200),(3017,'ok',NULL,NULL,'',NULL,62,200),(3018,'ok',NULL,NULL,'',NULL,76,200),(3019,'nok',NULL,NULL,'',NULL,16,200),(3020,'nok',NULL,NULL,'',NULL,66,200),(3021,'nok',NULL,NULL,'',NULL,64,200),(3022,'nok',NULL,NULL,'',NULL,72,200),(3023,'nok',NULL,NULL,'',NULL,81,200),(3024,'nok',NULL,NULL,'',NULL,52,200),(3025,'nok',NULL,NULL,'',NULL,91,200),(3026,'nok',NULL,NULL,'',NULL,21,200),(3027,'ok',NULL,NULL,'',NULL,80,200),(3028,'ok',NULL,NULL,'',NULL,65,200),(3029,'ok',NULL,NULL,'',NULL,69,200),(3030,'ok',NULL,NULL,'',NULL,85,200),(3031,'nok',NULL,NULL,'',NULL,96,200),(3032,'nok',NULL,NULL,'',NULL,71,199),(3034,'ok',0,0,'',NULL,2,201),(3036,'ok',1,1,'',NULL,45,201),(3037,'ok',1,2,'',NULL,52,201),(3038,'ok',0,0,'',NULL,62,201),(3039,'ok',4,2,'',NULL,76,201),(3040,'nok',NULL,NULL,'',NULL,16,201),(3041,'nok',NULL,NULL,'',NULL,66,201),(3042,'nok',NULL,NULL,'',NULL,64,201),(3043,'nok',NULL,NULL,'',NULL,72,201),(3044,'nok',NULL,NULL,'',NULL,21,201),(3045,'ok',0,0,'',NULL,98,201),(3046,'ok',4,5,'',NULL,96,201),(3047,'nok',NULL,NULL,'',NULL,91,201),(3048,'ok',0,0,'',NULL,31,199),(3049,'nok',NULL,NULL,'',NULL,93,201),(3050,'ok',NULL,NULL,'',NULL,14,199),(3051,'ok',NULL,NULL,'',NULL,80,201),(3052,'ok',1,3,'B',1,91,202),(3054,'ok',0,0,'A',2,21,202),(3055,'ok',1,1,'B',5,45,202),(3056,'ok',2,2,'A',5,52,202),(3058,'ok',4,3,'A',4,76,202),(3059,'nok',NULL,NULL,'',NULL,16,202),(3060,'nok',NULL,NULL,'',NULL,66,202),(3061,'nok',NULL,NULL,'',NULL,64,202),(3062,'nok',NULL,NULL,'',NULL,72,202),(3063,'ok',NULL,NULL,'A',3,14,202),(3064,'ok',0,1,'B',2,93,202),(3065,'ok',0,0,'',NULL,99,201),(3067,'ok',0,0,'B',4,53,202),(3068,'ok',7,4,'A',1,96,202),(3069,'ok',NULL,NULL,'',NULL,65,201),(3070,'ok',NULL,NULL,'',NULL,69,201),(3071,'ok',NULL,NULL,'',NULL,85,201),(3073,'nok',NULL,NULL,'',NULL,98,202),(3074,'nok',NULL,NULL,'',NULL,2,202),(3080,'ok',NULL,NULL,'',NULL,62,203),(3082,'nok',NULL,NULL,'',NULL,16,203),(3083,'nok',NULL,NULL,'',NULL,66,203),(3084,'nok',NULL,NULL,'',NULL,64,203),(3085,'nok',NULL,NULL,'',NULL,72,203),(3086,'nok',NULL,NULL,'',NULL,2,203),(3087,'nok',NULL,NULL,'',NULL,21,203),(3088,'ok',NULL,NULL,'',NULL,98,203),(3089,'nok',NULL,NULL,'',NULL,91,203),(3090,'nok',NULL,NULL,'',NULL,62,202),(3091,'nok',NULL,NULL,'',NULL,31,202),(3092,'nok',NULL,NULL,'',NULL,31,203),(3093,'ok',NULL,NULL,'',NULL,61,203),(3094,'nok',NULL,NULL,'',NULL,52,203),(3095,'ok',NULL,NULL,'B',3,65,202),(3096,'nok',NULL,NULL,'',NULL,76,203),(3097,'nok',NULL,NULL,'',NULL,93,203),(3098,'nok',NULL,NULL,'',NULL,53,203),(3099,'nok',NULL,NULL,'',NULL,45,203),(3100,'ok',5,3,'A',1,91,204),(3101,'ok',4,3,'A',2,2,204),(3102,'ok',3,3,'B',1,21,204),(3103,'ok',1,1,'A',4,45,204),(3104,'ok',0,0,'B',5,52,204),(3105,'ok',5,3,'B',2,62,204),(3106,'ok',4,3,'B',3,76,204),(3107,'nok',NULL,NULL,'',NULL,16,204),(3109,'nok',NULL,NULL,'',NULL,64,204),(3110,'nok',NULL,NULL,'',NULL,72,204),(3113,'ok',1,0,'B',4,53,204),(3114,'nok',NULL,NULL,'',NULL,98,204),(3115,'nok',NULL,NULL,'',NULL,96,204),(3118,'ok',NULL,NULL,'A',5,61,204),(3119,'nok',NULL,NULL,'',NULL,66,204),(3121,'ok',NULL,NULL,'',NULL,2,205),(3123,'ok',NULL,NULL,'',NULL,45,205),(3124,'ok',NULL,NULL,'',NULL,52,205),(3125,'ok',NULL,NULL,'',NULL,62,205),(3126,'ok',NULL,NULL,'',NULL,76,205),(3127,'nok',NULL,NULL,'',NULL,16,205),(3128,'nok',NULL,NULL,'',NULL,66,205),(3129,'nok',NULL,NULL,'',NULL,64,205),(3130,'nok',NULL,NULL,'',NULL,72,205),(3131,'nok',NULL,NULL,'',NULL,77,204),(3132,'nok',NULL,NULL,'',NULL,77,205),(3133,'ok',NULL,NULL,'',NULL,98,205),(3134,'nok',NULL,NULL,'',NULL,21,205),(3136,'ok',1,0,'A',3,93,204),(3137,'ok',NULL,NULL,'',NULL,80,205),(3138,'ok',NULL,NULL,'',NULL,95,205),(3139,'ok',1,0,'',NULL,95,204),(3140,'ok',NULL,NULL,'',NULL,91,205),(3141,'nok',NULL,NULL,'',NULL,93,205),(3142,'ok',NULL,NULL,'',NULL,96,205),(3143,'ok',NULL,NULL,'',NULL,31,205),(3144,'ok',5,5,'B',1,91,206),(3146,'ok',5,8,'A',2,21,206),(3148,'ok',0,0,'B',4,52,206),(3149,'ok',0,0,'B',2,62,206),(3150,'ok',0,0,'B',3,76,206),(3151,'nok',NULL,NULL,'',NULL,16,206),(3152,'nok',NULL,NULL,'',NULL,66,206),(3153,'nok',NULL,NULL,'',NULL,64,206),(3154,'nok',NULL,NULL,'',NULL,72,206),(3155,'ok',1,0,'A',4,31,206),(3156,'ok',1,2,'A',3,93,206),(3157,'ok',0,0,'A',1,96,206),(3158,'nok',NULL,NULL,'',NULL,53,206),(3161,'nok',NULL,NULL,'',NULL,45,206),(3162,'nok',NULL,NULL,'',NULL,2,206),(3167,'ok',NULL,NULL,'',NULL,52,207),(3168,'ok',NULL,NULL,'',NULL,62,207),(3169,'ok',NULL,NULL,'',NULL,76,207),(3170,'nok',NULL,NULL,'',NULL,16,207),(3171,'nok',NULL,NULL,'',NULL,66,207),(3172,'nok',NULL,NULL,'',NULL,64,207),(3173,'nok',NULL,NULL,'',NULL,72,207),(3174,'nok',NULL,NULL,'',NULL,2,207),(3176,'nok',NULL,NULL,'',NULL,99,207),(3177,'nok',NULL,NULL,'',NULL,99,206),(3178,'ok',NULL,NULL,'',NULL,98,207),(3179,'nok',NULL,NULL,'',NULL,21,207),(3180,'ok',NULL,NULL,'',NULL,80,207),(3181,'ok',9,2,'A',5,98,206),(3182,'nok',NULL,NULL,'',NULL,45,207),(3183,'ok',NULL,NULL,'B',5,86,206),(3184,'nok',NULL,NULL,'',NULL,91,207),(3185,'nok',NULL,NULL,'',NULL,96,207),(3186,'ok',5,4,'A',5,91,208),(3187,'ok',4,3,'B',2,2,208),(3188,'ok',3,4,'A',2,21,208),(3190,'ok',0,0,'B',5,52,208),(3191,'ok',3,2,'A',3,62,208),(3192,'ok',0,0,'B',4,76,208),(3193,'nok',NULL,NULL,'',NULL,16,208),(3195,'nok',NULL,NULL,'',NULL,64,208),(3196,'nok',NULL,NULL,'',NULL,72,208),(3197,'ok',2,1,'B',3,93,208),(3198,'ok',5,3,'A',1,98,208),(3199,'ok',2,3,'A',4,66,208),(3201,'nok',NULL,NULL,'',NULL,45,208),(3202,'ok',9,0,'B',1,99,208),(3203,'nok',NULL,NULL,'',NULL,31,208),(3204,'nok',NULL,NULL,'',NULL,96,208),(3205,'ok',8,5,'B',4,91,209),(3206,'ok',5,4,'A',3,2,209),(3207,'ok',4,4,'B',2,21,209),(3209,'ok',0,0,'B',5,52,209),(3210,'ok',5,4,'B',3,62,209),(3212,'nok',NULL,NULL,'',NULL,16,209),(3214,'nok',NULL,NULL,'',NULL,64,209),(3215,'nok',NULL,NULL,'',NULL,72,209),(3221,'ok',NULL,NULL,'',NULL,62,210),(3223,'nok',NULL,NULL,'',NULL,16,210),(3224,'nok',NULL,NULL,'',NULL,66,210),(3225,'nok',NULL,NULL,'',NULL,64,210),(3226,'nok',NULL,NULL,'',NULL,72,210),(3227,'nok',NULL,NULL,'',NULL,2,210),(3228,'ok',NULL,NULL,'',NULL,98,210),(3229,'ok',6,6,'B',1,98,209),(3230,'nok',NULL,NULL,'',NULL,76,210),(3231,'nok',NULL,NULL,'',NULL,76,209),(3232,'ok',0,0,'A',1,96,209),(3233,'nok',NULL,NULL,'',NULL,91,210),(3234,'ok',0,0,'A',2,66,209),(3235,'nok',NULL,NULL,'',NULL,53,210),(3236,'ok',0,1,'A',4,53,209),(3237,'nok',NULL,NULL,'',NULL,21,210),(3238,'nok',NULL,NULL,'',NULL,52,210),(3239,'nok',NULL,NULL,'',NULL,45,209),(3240,'nok',NULL,NULL,'',NULL,45,210),(3241,'ok',NULL,NULL,'',NULL,99,210),(3242,'ok',8,5,'A',5,99,209),(3248,'ok',NULL,NULL,'',NULL,62,211),(3249,'ok',NULL,NULL,'',NULL,76,211),(3250,'nok',NULL,NULL,'',NULL,16,211),(3251,'nok',NULL,NULL,'',NULL,66,211),(3252,'nok',NULL,NULL,'',NULL,64,211),(3253,'nok',NULL,NULL,'',NULL,72,211),(3254,'nok',NULL,NULL,'',NULL,2,211),(3255,'ok',NULL,NULL,'',NULL,98,211),(3256,'nok',NULL,NULL,'',NULL,45,211),(3257,'nok',NULL,NULL,'',NULL,21,211),(3258,'nok',NULL,NULL,'',NULL,99,211),(3259,'nok',NULL,NULL,'',NULL,52,211),(3260,'nok',NULL,NULL,'',NULL,91,211),(3261,'nok',NULL,NULL,'',NULL,96,211),(3262,'ok',NULL,NULL,'',NULL,80,211),(3267,'ok',NULL,NULL,'',NULL,52,212),(3268,'ok',NULL,NULL,'',NULL,62,212),(3270,'nok',NULL,NULL,'',NULL,16,212),(3271,'nok',NULL,NULL,'',NULL,66,212),(3272,'nok',NULL,NULL,'',NULL,64,212),(3273,'nok',NULL,NULL,'',NULL,72,212),(3274,'nok',NULL,NULL,'',NULL,2,212),(3275,'nok',NULL,NULL,'',NULL,21,212),(3276,'nok',NULL,NULL,'',NULL,76,212),(3277,'nok',NULL,NULL,'',NULL,91,212),(3278,'ok',NULL,NULL,'',NULL,96,212),(3279,'ok',NULL,NULL,'',NULL,98,212),(3280,'ok',NULL,NULL,'',NULL,80,212),(3281,'nok',NULL,NULL,'',NULL,45,212),(3282,'ok',3,9,'B',2,91,213),(3286,'ok',0,0,'A',4,52,213),(3287,'ok',0,0,'B',3,62,213),(3288,'ok',0,0,'A',3,76,213),(3289,'nok',NULL,NULL,'',NULL,16,213),(3291,'nok',NULL,NULL,'',NULL,64,213),(3292,'nok',NULL,NULL,'',NULL,72,213),(3293,'ok',1,1,'B',4,66,213),(3294,'ok',7,8,'A',1,96,213),(3295,'ok',7,2,'B',1,98,213),(3296,'nok',NULL,NULL,'',NULL,21,213),(3298,'nok',NULL,NULL,'',NULL,45,213),(3299,'nok',NULL,NULL,'',NULL,2,213),(3300,'ok',6,2,'A',2,90,213),(3301,'nok',NULL,NULL,'',NULL,14,213),(3304,'nok',NULL,NULL,'',NULL,21,214),(3305,'nok',NULL,NULL,'',NULL,45,214),(3306,'nok',NULL,NULL,'',NULL,52,214),(3308,'nok',NULL,NULL,'',NULL,76,214),(3309,'nok',NULL,NULL,'',NULL,16,214),(3310,'nok',NULL,NULL,'',NULL,66,214),(3311,'nok',NULL,NULL,'',NULL,64,214),(3312,'nok',NULL,NULL,'',NULL,72,214),(3313,'nok',NULL,NULL,'',NULL,2,214),(3314,'nok',NULL,NULL,'',NULL,91,214),(3315,'ok',NULL,NULL,'',NULL,95,214),(3316,'ok',NULL,NULL,'',NULL,96,214),(3317,'nok',NULL,NULL,'',NULL,98,214),(3318,'ok',NULL,NULL,'',NULL,62,214),(3319,'ok',NULL,NULL,'',NULL,90,214),(3320,'ok',5,2,'B',1,91,215),(3321,'ok',3,2,'A',1,2,215),(3322,'ok',4,1,'A',2,21,215),(3324,'ok',0,0,'A',5,52,215),(3325,'ok',3,2,'A',3,62,215),(3326,'ok',0,0,'B',4,76,215),(3327,'nok',NULL,NULL,'',NULL,16,215),(3329,'nok',NULL,NULL,'',NULL,64,215),(3330,'nok',NULL,NULL,'',NULL,72,215),(3331,'ok',0,3,'B',3,93,215),(3332,'ok',1,2,'A',4,66,215),(3333,'ok',0,0,'B',5,31,215),(3334,'ok',4,1,'B',2,98,215),(3335,'nok',NULL,NULL,'',NULL,14,215),(3336,'nok',NULL,NULL,'',NULL,99,215),(3337,'nok',NULL,NULL,'',NULL,45,215),(3338,'ok',NULL,NULL,'B',1,91,216),(3339,'ok',NULL,NULL,'A',3,2,216),(3342,'ok',NULL,NULL,'B',5,52,216),(3344,'ok',NULL,NULL,'B',4,76,216),(3345,'nok',NULL,NULL,'',NULL,16,216),(3347,'nok',NULL,NULL,'',NULL,64,216),(3348,'nok',NULL,NULL,'',NULL,72,216),(3349,'ok',NULL,NULL,'A',1,98,216),(3351,'nok',NULL,NULL,'',NULL,96,216),(3352,'ok',NULL,NULL,'B',3,93,216),(3353,'ok',NULL,NULL,'A',5,31,216),(3355,'ok',NULL,NULL,'A',2,99,216),(3356,'nok',NULL,NULL,'',NULL,45,216),(3358,'nok',NULL,NULL,'',NULL,62,216),(3359,'nok',NULL,NULL,'',NULL,56,216),(3360,'nok',NULL,NULL,'',NULL,66,216),(3361,'nok',NULL,NULL,'',NULL,89,216),(3362,'ok',NULL,NULL,'B',2,21,216),(3363,'ok',NULL,NULL,'A',4,58,216),(3364,'ok',NULL,NULL,'',NULL,91,217),(3366,'ok',NULL,NULL,'',NULL,21,217),(3367,'ok',NULL,NULL,'',NULL,66,217),(3369,'ok',NULL,NULL,'',NULL,52,217),(3372,'nok',NULL,NULL,'',NULL,16,217),(3373,'nok',NULL,NULL,'',NULL,64,217),(3374,'nok',NULL,NULL,'',NULL,72,217),(3375,'nok',NULL,NULL,'',NULL,76,217),(3377,'nok',NULL,NULL,'',NULL,93,217),(3378,'nok',NULL,NULL,'',NULL,62,217),(3379,'ok',NULL,NULL,'',NULL,98,217),(3380,'nok',NULL,NULL,'',NULL,45,217),(3381,'ok',NULL,NULL,'',NULL,96,217),(3382,'nok',NULL,NULL,'',NULL,2,217),(3383,'nok',NULL,NULL,'',NULL,31,217),(3384,'ok',NULL,NULL,'',NULL,91,218),(3385,'ok',NULL,NULL,'',NULL,2,218),(3386,'ok',NULL,NULL,'',NULL,21,218),(3389,'ok',NULL,NULL,'',NULL,52,218),(3390,'ok',NULL,NULL,'',NULL,62,218),(3392,'nok',NULL,NULL,'',NULL,16,218),(3393,'nok',NULL,NULL,'',NULL,64,218),(3394,'nok',NULL,NULL,'',NULL,72,218),(3395,'nok',NULL,NULL,'',NULL,66,218),(3396,'nok',NULL,NULL,'',NULL,96,218),(3398,'nok',NULL,NULL,'',NULL,98,218),(3399,'nok',NULL,NULL,'',NULL,76,218),(3400,'nok',NULL,NULL,'',NULL,45,218),(3401,'nok',NULL,NULL,'',NULL,77,218),(3402,'ok',NULL,NULL,'',NULL,44,218),(3403,'ok',NULL,NULL,'',NULL,91,219),(3406,'ok',NULL,NULL,'',NULL,66,219),(3407,'ok',NULL,NULL,'',NULL,45,219),(3408,'ok',NULL,NULL,'',NULL,52,219),(3409,'ok',NULL,NULL,'',NULL,62,219),(3411,'nok',NULL,NULL,'',NULL,16,219),(3412,'nok',NULL,NULL,'',NULL,64,219),(3413,'nok',NULL,NULL,'',NULL,72,219),(3415,'nok',NULL,NULL,'',NULL,31,219),(3416,'nok',NULL,NULL,'',NULL,2,219),(3417,'nok',NULL,NULL,'',NULL,21,219),(3418,'ok',NULL,NULL,'',NULL,96,219),(3420,'nok',NULL,NULL,'',NULL,76,219),(3421,'nok',NULL,NULL,'',NULL,98,219),(3422,'ok',NULL,NULL,'',NULL,44,219),(3423,'nok',NULL,NULL,'',NULL,93,219),(3424,'ok',NULL,NULL,'',NULL,91,220),(3427,'ok',NULL,NULL,'',NULL,66,220),(3428,'ok',NULL,NULL,'',NULL,52,220),(3431,'nok',NULL,NULL,'',NULL,16,220),(3432,'nok',NULL,NULL,'',NULL,64,220),(3433,'nok',NULL,NULL,'',NULL,72,220),(3434,'nok',NULL,NULL,'',NULL,2,220),(3435,'nok',NULL,NULL,'',NULL,62,220),(3436,'ok',NULL,NULL,'',NULL,93,220),(3437,'ok',NULL,NULL,'',NULL,96,220),(3439,'ok',NULL,NULL,'',NULL,44,220),(3440,'nok',NULL,NULL,'',NULL,21,220),(3441,'nok',NULL,NULL,'',NULL,45,220),(3442,'ok',NULL,NULL,'',NULL,98,220),(3443,'nok',NULL,NULL,'',NULL,76,220),(3445,'ok',7,4,'A',2,2,221),(3446,'ok',7,3,'B',1,21,221),(3447,'ok',2,4,'B',4,66,221),(3448,'ok',2,2,'A',4,52,221),(3449,'ok',4,2,'B',2,62,221),(3450,'ok',8,2,'A',3,76,221),(3451,'nok',NULL,NULL,'',NULL,16,221),(3452,'nok',NULL,NULL,'',NULL,64,221),(3453,'nok',NULL,NULL,'',NULL,72,221),(3454,'ok',2,2,'B',3,93,221),(3455,'nok',NULL,NULL,'',NULL,91,221),(3456,'ok',3,7,'A',1,98,221),(3459,'ok',NULL,NULL,'',NULL,21,222),(3460,'ok',NULL,NULL,'',NULL,66,222),(3461,'ok',NULL,NULL,'',NULL,45,222),(3462,'ok',NULL,NULL,'',NULL,52,222),(3464,'ok',NULL,NULL,'',NULL,76,222),(3465,'nok',NULL,NULL,'',NULL,16,222),(3466,'nok',NULL,NULL,'',NULL,64,222),(3467,'nok',NULL,NULL,'',NULL,72,222),(3468,'nok',NULL,NULL,'',NULL,93,222),(3469,'ok',NULL,NULL,'',NULL,31,222),(3470,'nok',NULL,NULL,'',NULL,91,222),(3471,'ok',NULL,NULL,'',NULL,98,222),(3472,'ok',NULL,NULL,'',NULL,96,222),(3473,'nok',NULL,NULL,'',NULL,62,222),(3474,'ok',NULL,NULL,'',NULL,44,222),(3475,'nok',NULL,NULL,'',NULL,2,222),(3476,'ok',8,8,'A',2,91,223),(3480,'nok',NULL,NULL,'',NULL,45,223),(3481,'ok',2,2,'B',4,52,223),(3482,'ok',4,3,'B',2,62,223),(3483,'ok',NULL,NULL,'A',3,76,223),(3484,'nok',NULL,NULL,'',NULL,16,223),(3485,'nok',NULL,NULL,'',NULL,64,223),(3486,'nok',NULL,NULL,'',NULL,72,223),(3487,'ok',2,4,'B',3,93,223),(3488,'ok',6,7,'B',1,98,223),(3489,'nok',NULL,NULL,'',NULL,2,223),(3490,'nok',NULL,NULL,'',NULL,21,223),(3491,'ok',8,8,'A',1,96,223),(3492,'ok',1,3,'A',4,31,223),(3493,'nok',NULL,NULL,'',NULL,66,223),(3494,'ok',NULL,NULL,'B',1,91,224),(3496,'ok',NULL,NULL,'A',2,21,224),(3498,'ok',NULL,NULL,'B',4,45,224),(3499,'ok',NULL,NULL,'A',4,52,224),(3501,'ok',NULL,NULL,'B',3,76,224),(3502,'nok',NULL,NULL,'',NULL,16,224),(3503,'nok',NULL,NULL,'',NULL,64,224),(3504,'nok',NULL,NULL,'',NULL,72,224),(3505,'nok',NULL,NULL,'',NULL,66,224),(3506,'ok',NULL,NULL,'B',2,93,224),(3507,'nok',NULL,NULL,'',NULL,96,224),(3508,'ok',NULL,NULL,'A',1,98,224),(3509,'nok',NULL,NULL,'',NULL,62,224),(3512,'nok',NULL,NULL,'',NULL,2,224),(3513,'ok',NULL,NULL,'A',3,58,224),(3514,'ok',5,5,'B',1,91,225),(3516,'ok',NULL,NULL,'A',2,21,225),(3517,'ok',NULL,NULL,'A',3,66,225),(3518,'nok',NULL,NULL,'',NULL,45,225),(3519,'ok',3,3,'A',4,52,225),(3520,'ok',4,2,'B',2,62,225),(3521,'ok',NULL,NULL,'B',3,76,225),(3522,'nok',NULL,NULL,'',NULL,16,225),(3523,'nok',NULL,NULL,'',NULL,64,225),(3524,'nok',NULL,NULL,'',NULL,72,225),(3525,'ok',5,7,'A',1,98,225),(3526,'ok',0,0,'B',4,58,225),(3527,'nok',NULL,NULL,'',NULL,93,225),(3528,'nok',NULL,NULL,'',NULL,2,225),(3530,'nok',NULL,NULL,'',NULL,96,225),(3531,'ok',NULL,NULL,'B',1,91,226),(3532,'ok',NULL,NULL,'B',2,2,226),(3533,'ok',NULL,NULL,'A',2,21,226),(3534,'ok',NULL,NULL,'B',4,66,226),(3535,'nok',NULL,NULL,'',NULL,45,226),(3536,'ok',NULL,NULL,'A',4,52,226),(3537,'ok',NULL,NULL,'B',3,62,226),(3539,'nok',NULL,NULL,'',NULL,16,226),(3540,'nok',NULL,NULL,'',NULL,64,226),(3541,'nok',NULL,NULL,'',NULL,72,226),(3542,'nok',NULL,NULL,'',NULL,76,226),(3543,'ok',NULL,NULL,'A',3,93,226),(3544,'nok',NULL,NULL,'',NULL,96,226),(3545,'ok',NULL,NULL,'A',1,98,226),(3546,'ok',NULL,NULL,'B',1,91,227),(3547,'ok',NULL,NULL,'A',3,2,227),(3548,'ok',NULL,NULL,'B',2,21,227),(3549,'ok',NULL,NULL,'B',4,66,227),(3550,'ok',NULL,NULL,'A',4,52,227),(3553,'nok',NULL,NULL,'',NULL,16,227),(3554,'nok',NULL,NULL,'',NULL,64,227),(3555,'nok',NULL,NULL,'',NULL,72,227),(3556,'ok',NULL,NULL,'A',2,99,227),(3557,'ok',NULL,NULL,'A',1,98,227),(3558,'nok',NULL,NULL,'',NULL,62,227),(3559,'nok',NULL,NULL,'',NULL,76,227),(3560,'ok',NULL,NULL,'B',3,93,227),(3561,'ok',NULL,NULL,'B',5,101,227),(3562,'ok',NULL,NULL,'A',5,85,227),(3563,'ok',5,5,'B',1,91,228),(3565,'ok',NULL,NULL,'A',2,21,228),(3566,'ok',NULL,NULL,'B',3,66,228),(3567,'ok',2,2,'A',3,52,228),(3568,'ok',4,2,'B',2,62,228),(3570,'nok',NULL,NULL,'',NULL,16,228),(3571,'nok',NULL,NULL,'',NULL,64,228),(3572,'nok',NULL,NULL,'',NULL,72,228),(3573,'ok',1,0,'B',4,31,228),(3574,'nok',NULL,NULL,'',NULL,93,228),(3575,'nok',NULL,NULL,'',NULL,2,228),(3576,'nok',NULL,NULL,'',NULL,96,228),(3578,'ok',6,5,'A',1,98,228),(3579,'nok',NULL,NULL,'',NULL,76,228),(3580,'ok',NULL,NULL,'A',4,101,228),(3581,'nok',NULL,NULL,'',NULL,58,228),(3582,'ok',5,5,'A',2,91,229),(3584,'ok',NULL,NULL,'B',3,21,229),(3586,'ok',3,3,'A',3,52,229),(3589,'nok',NULL,NULL,'',NULL,16,229),(3590,'nok',NULL,NULL,'',NULL,64,229),(3591,'nok',NULL,NULL,'',NULL,72,229),(3592,'nok',NULL,NULL,'',NULL,101,229),(3593,'nok',NULL,NULL,'',NULL,62,229),(3594,'nok',NULL,NULL,'',NULL,76,229),(3595,'nok',NULL,NULL,'',NULL,2,229),(3596,'ok',12,15,'B',1,98,229),(3597,'nok',NULL,NULL,'',NULL,66,229),(3598,'ok',NULL,NULL,'B',2,99,229),(3599,'ok',NULL,NULL,'A',1,96,229),(3600,'ok',NULL,NULL,'A',1,91,230),(3604,'ok',NULL,NULL,'B',4,52,230),(3605,'ok',NULL,NULL,'A',2,62,230),(3606,'ok',NULL,NULL,'B',3,76,230),(3607,'nok',NULL,NULL,'',NULL,16,230),(3608,'nok',NULL,NULL,'',NULL,64,230),(3609,'nok',NULL,NULL,'',NULL,72,230),(3610,'nok',NULL,NULL,'',NULL,21,230),(3611,'nok',NULL,NULL,'',NULL,66,230),(3612,'nok',NULL,NULL,'',NULL,101,230),(3614,'ok',NULL,NULL,'A',4,69,230),(3615,'ok',NULL,NULL,'B',2,58,230),(3616,'ok',NULL,NULL,'B',1,2,230),(3617,'ok',NULL,NULL,'A',3,53,230),(3618,'ok',5,5,'A',1,91,231),(3621,'ok',NULL,NULL,'A',3,66,231),(3622,'ok',2,2,'B',3,52,231),(3623,'ok',4,3,'B',1,62,231),(3624,'ok',NULL,NULL,'B',2,76,231),(3625,'nok',NULL,NULL,'',NULL,16,231),(3626,'nok',NULL,NULL,'',NULL,64,231),(3627,'nok',NULL,NULL,'',NULL,72,231),(3628,'ok',0,0,'B',4,31,231),(3630,'nok',NULL,NULL,'',NULL,21,231),(3631,'ok',NULL,NULL,'A',4,101,231),(3632,'nok',NULL,NULL,'',NULL,2,231),(3634,'nok',NULL,NULL,'',NULL,99,231),(3636,'nok',NULL,NULL,'',NULL,69,231),(3637,'nok',NULL,NULL,'',NULL,98,231),(3638,'ok',3,2,'B',5,103,231),(3639,'nok',NULL,NULL,'',NULL,65,231),(3640,'ok',5,6,'A',2,58,231),(3641,'nok',NULL,NULL,'',NULL,93,231),(3642,'ok',0,0,'A',5,104,231),(3643,'ok',5,5,'A',1,91,232),(3644,'ok',8,7,'B',1,2,232),(3646,'ok',NULL,NULL,'B',3,66,232),(3647,'ok',2,3,'A',3,52,232),(3648,'ok',5,2,'A',2,62,232),(3649,'ok',NULL,NULL,'B',2,76,232),(3650,'nok',NULL,NULL,'',NULL,16,232),(3651,'nok',NULL,NULL,'',NULL,64,232),(3652,'nok',NULL,NULL,'',NULL,72,232),(3653,'nok',NULL,NULL,'',NULL,21,232),(3654,'nok',NULL,NULL,'',NULL,101,232),(3655,'ok',3,2,'A',4,103,232),(3656,'nok',NULL,NULL,'',NULL,58,232),(3657,'ok',2,0,'B',4,31,232),(3658,'ok',NULL,NULL,'A',1,91,233),(3662,'ok',NULL,NULL,'A',3,52,233),(3663,'ok',NULL,NULL,'B',1,62,233),(3664,'ok',NULL,NULL,'B',2,76,233),(3665,'nok',NULL,NULL,'',NULL,16,233),(3666,'nok',NULL,NULL,'',NULL,64,233),(3667,'nok',NULL,NULL,'',NULL,72,233),(3668,'ok',NULL,NULL,'B',4,101,233),(3669,'nok',NULL,NULL,'',NULL,66,233),(3670,'nok',NULL,NULL,'',NULL,21,233),(3671,'ok',NULL,NULL,'A',4,104,233),(3673,'nok',NULL,NULL,'',NULL,2,233),(3675,'ok',NULL,NULL,'A',2,58,233),(3676,'ok',NULL,NULL,'B',3,65,233),(3677,'ok',NULL,NULL,'B',1,91,234),(3681,'ok',NULL,NULL,'A',3,52,234),(3682,'ok',4,2,'A',2,62,234),(3683,'ok',NULL,NULL,'B',2,76,234),(3684,'nok',NULL,NULL,'',NULL,16,234),(3685,'nok',NULL,NULL,'',NULL,64,234),(3686,'nok',NULL,NULL,'',NULL,72,234),(3687,'nok',NULL,NULL,'',NULL,66,234),(3688,'nok',NULL,NULL,'',NULL,2,234),(3689,'ok',3,3,'A',1,103,234),(3690,'nok',NULL,NULL,'',NULL,21,234),(3691,'ok',NULL,NULL,'A',4,101,234),(3692,'ok',NULL,NULL,'B',4,104,234),(3693,'nok',NULL,NULL,'',NULL,58,234),(3694,'nok',NULL,NULL,'',NULL,96,234),(3695,'ok',NULL,NULL,'B',3,65,234),(3696,'ok',NULL,NULL,'A',1,91,235),(3700,'ok',NULL,NULL,'A',3,52,235),(3701,'ok',NULL,NULL,'A',2,62,235),(3702,'ok',NULL,NULL,'B',3,76,235),(3703,'nok',NULL,NULL,'',NULL,16,235),(3704,'nok',NULL,NULL,'',NULL,64,235),(3705,'nok',NULL,NULL,'',NULL,72,235),(3706,'ok',NULL,NULL,'A',4,101,235),(3708,'ok',NULL,NULL,'B',4,104,235),(3709,'ok',NULL,NULL,'B',2,58,235),(3710,'nok',NULL,NULL,'',NULL,66,235),(3711,'nok',NULL,NULL,'',NULL,31,235),(3713,'ok',NULL,NULL,'B',1,21,235),(3714,'nok',NULL,NULL,'',NULL,2,235),(3715,'ok',NULL,NULL,'',NULL,91,236),(3718,'ok',NULL,NULL,'',NULL,66,236),(3719,'ok',NULL,NULL,'',NULL,52,236),(3720,'ok',NULL,NULL,'',NULL,62,236),(3722,'nok',NULL,NULL,'',NULL,16,236),(3723,'nok',NULL,NULL,'',NULL,64,236),(3724,'nok',NULL,NULL,'',NULL,72,236),(3725,'ok',NULL,NULL,'',NULL,101,236),(3726,'ok',NULL,NULL,'',NULL,58,236),(3727,'ok',NULL,NULL,'',NULL,31,236),(3728,'nok',NULL,NULL,'',NULL,76,236),(3729,'nok',NULL,NULL,'',NULL,2,236),(3732,'ok',NULL,NULL,'',NULL,103,236),(3733,'ok',NULL,NULL,'',NULL,104,236),(3734,'nok',NULL,NULL,'',NULL,21,236),(3735,'ok',NULL,NULL,'',NULL,65,236),(3737,'ok',NULL,NULL,'B',1,2,237),(3738,'ok',NULL,NULL,'A',1,21,237),(3740,'ok',NULL,NULL,'B',3,52,237),(3742,'ok',NULL,NULL,'B',4,76,237),(3743,'nok',NULL,NULL,'',NULL,16,237),(3745,'nok',NULL,NULL,'',NULL,72,237),(3746,'nok',NULL,NULL,'',NULL,91,237),(3747,'ok',NULL,NULL,'A',2,101,237),(3748,'nok',NULL,NULL,'',NULL,31,237),(3749,'ok',NULL,NULL,'A',3,104,237),(3750,'nok',NULL,NULL,'',NULL,62,237),(3751,'nok',NULL,NULL,'',NULL,58,237),(3752,'nok',NULL,NULL,'',NULL,66,237),(3753,'ok',NULL,NULL,'A',4,105,237),(3754,'nok',NULL,NULL,'',NULL,96,237),(3755,'ok',NULL,NULL,'B',2,64,237),(3756,'ok',NULL,NULL,'',NULL,91,238),(3757,'ok',5,3,'',NULL,2,238),(3758,'ok',NULL,NULL,'',NULL,21,238),(3759,'ok',NULL,NULL,'',NULL,66,238),(3760,'ok',NULL,NULL,'',NULL,52,238),(3761,'ok',NULL,NULL,'',NULL,62,238),(3762,'ok',NULL,NULL,'',NULL,76,238),(3763,'nok',NULL,NULL,'',NULL,16,238),(3764,'nok',NULL,NULL,'',NULL,64,238),(3765,'nok',NULL,NULL,'',NULL,72,238),(3766,'ok',2,1,'',NULL,93,238),(3767,'ok',NULL,NULL,'',NULL,31,238),(3769,'ok',NULL,NULL,'',NULL,103,238),(3771,'ok',NULL,NULL,'',NULL,106,238),(3772,'ok',2,3,'',NULL,58,238),(3773,'nok',NULL,NULL,'',NULL,101,238),(3779,'ok',NULL,NULL,'',NULL,62,239),(3780,'ok',NULL,NULL,'',NULL,76,239),(3781,'nok',NULL,NULL,'',NULL,16,239),(3782,'nok',NULL,NULL,'',NULL,64,239),(3783,'nok',NULL,NULL,'',NULL,72,239),(3784,'nok',NULL,NULL,'',NULL,52,239),(3786,'ok',NULL,NULL,'',NULL,98,239),(3787,'nok',NULL,NULL,'',NULL,2,239),(3788,'nok',NULL,NULL,'',NULL,66,239),(3789,'nok',NULL,NULL,'',NULL,21,239),(3790,'nok',NULL,NULL,'',NULL,91,239),(3791,'ok',NULL,NULL,'',NULL,93,239),(3792,'ok',NULL,NULL,'',NULL,101,239),(3793,'ok',NULL,NULL,'',NULL,104,239),(3794,'ok',NULL,NULL,'',NULL,96,239),(3795,'ok',NULL,NULL,'',NULL,65,239),(3797,'ok',NULL,NULL,'',NULL,2,240),(3800,'ok',NULL,NULL,'',NULL,52,240),(3801,'ok',NULL,NULL,'',NULL,62,240),(3803,'nok',NULL,NULL,'',NULL,16,240),(3804,'nok',NULL,NULL,'',NULL,64,240),(3805,'nok',NULL,NULL,'',NULL,72,240),(3806,'nok',NULL,NULL,'',NULL,101,240),(3807,'nok',NULL,NULL,'',NULL,91,240),(3808,'ok',NULL,NULL,'',NULL,98,240),(3809,'nok',NULL,NULL,'',NULL,76,240),(3810,'nok',NULL,NULL,'',NULL,66,240),(3811,'ok',NULL,NULL,'',NULL,93,240),(3812,'nok',NULL,NULL,'',NULL,21,240),(3813,'ok',NULL,NULL,'',NULL,108,240),(3814,'ok',NULL,NULL,'B',1,91,241),(3815,'ok',NULL,NULL,'A',3,2,241),(3816,'ok',NULL,NULL,'A',2,21,241),(3818,'ok',NULL,NULL,'B',4,52,241),(3819,'ok',NULL,NULL,'B',3,62,241),(3820,'ok',NULL,NULL,'A',4,76,241),(3821,'nok',NULL,NULL,'',NULL,16,241),(3822,'nok',NULL,NULL,'',NULL,64,241),(3823,'nok',NULL,NULL,'',NULL,72,241),(3824,'nok',NULL,NULL,'',NULL,66,241),(3826,'nok',NULL,NULL,'',NULL,101,241),(3829,'nok',NULL,NULL,'',NULL,93,241),(3830,'nok',NULL,NULL,'',NULL,108,241),(3831,'nok',NULL,NULL,'',NULL,96,241),(3832,'nok',NULL,NULL,'',NULL,58,241),(3833,'ok',NULL,NULL,'A',1,98,241),(3834,'ok',NULL,NULL,'B',5,104,241),(3835,'ok',NULL,NULL,'B',2,103,241),(3836,'ok',NULL,NULL,'A',5,109,241);
/*!40000 ALTER TABLE `checkins` ENABLE KEYS */;
UNLOCK TABLES;

--
-- Table structure for table `matches`
--

DROP TABLE IF EXISTS `matches`;
/*!40101 SET @saved_cs_client     = @@character_set_client */;
/*!40101 SET character_set_client = utf8 */;
CREATE TABLE `matches` (
  `id` int(11) NOT NULL AUTO_INCREMENT,
  `team_a_score` int(11) DEFAULT NULL,
  `team_b_score` int(11) DEFAULT NULL,
  `match_date` datetime DEFAULT NULL,
  `deadline` datetime DEFAULT NULL,
  `limit` int(11) DEFAULT NULL,
  `state` varchar(255) COLLATE utf8_unicode_ci DEFAULT NULL,
  `venue` varchar(255) COLLATE utf8_unicode_ci DEFAULT NULL,
  PRIMARY KEY (`id`)
) ENGINE=InnoDB AUTO_INCREMENT=242 DEFAULT CHARSET=utf8 COLLATE=utf8_unicode_ci;
/*!40101 SET character_set_client = @saved_cs_client */;

--
-- Dumping data for table `matches`
--

LOCK TABLES `matches` WRITE;
/*!40000 ALTER TABLE `matches` DISABLE KEYS */;
INSERT INTO `matches` VALUES (22,0,0,'2009-09-10 08:00:00','2009-09-09 00:00:00',10,'game','GoldCrown'),(28,20,26,'2009-09-17 08:00:00','2009-09-14 00:00:00',10,'closed','GoldCrown'),(31,13,13,'2009-09-24 08:00:00','2009-09-23 00:00:00',10,'closed','GoldCrown'),(32,36,27,'2009-09-28 08:00:00','2009-09-27 00:00:00',10,'closed','GoldCrown'),(33,40,30,'2009-10-02 08:00:00','2009-10-01 00:00:00',6,'closed','GoldCrown'),(34,25,21,'2009-10-08 08:00:00','2009-10-07 00:00:00',10,'closed','GoldCrown'),(35,32,18,'2009-10-09 08:00:00','2009-10-08 00:00:00',8,'closed','GoldCrown'),(36,42,27,'2009-10-15 08:00:00','2009-10-14 00:00:00',10,'closed','GoldCrown'),(38,18,24,'2009-10-22 08:00:00','2009-10-21 00:00:00',10,'closed','GoldCrown'),(40,21,11,'2009-10-29 08:00:00','2009-10-28 00:00:00',10,'closed','GoldCrown'),(42,14,17,'2009-11-05 08:00:00','2009-11-04 00:00:00',10,'closed','GoldCrown'),(44,17,13,'2009-11-12 08:00:00','2009-11-11 00:00:00',10,'closed','GoldCrown'),(45,13,21,'2009-11-19 08:00:00','2009-11-18 00:00:00',10,'closed','GoldCrown'),(46,11,12,'2009-11-26 08:00:00','2009-11-25 00:00:00',10,'closed','GoldCrown'),(47,8,9,'2009-12-03 08:00:00','2009-12-02 00:00:00',10,'closed','GoldCrown'),(48,32,30,'2009-12-10 08:00:00','2009-12-09 00:00:00',10,'closed','GoldCrown'),(49,7,8,'2009-12-17 08:00:00','2009-12-16 00:00:00',10,'closed','GoldCrown'),(50,12,10,'2010-01-07 08:00:00','2010-01-06 00:00:00',10,'closed','GoldCrown'),(51,11,11,'2010-01-14 08:00:00','2010-01-13 00:00:00',10,'closed','GoldCrown'),(52,13,9,'2010-01-21 08:00:00','2010-01-20 00:00:00',10,'closed','GoldCrown'),(55,14,13,'2010-01-28 08:00:00','2010-01-27 00:00:00',10,'closed','GoldCrown'),(56,17,8,'2010-02-04 08:00:00','2010-02-03 00:00:00',10,'closed','GoldCrown'),(57,10,15,'2010-02-11 08:00:00','2010-02-10 00:00:00',10,'closed','GoldCrown'),(58,7,6,'2010-02-18 08:00:00','2010-02-17 00:00:00',10,'closed','GoldCrown'),(62,14,13,'2010-03-11 08:00:00','2010-03-10 00:00:00',10,'closed','GoldCrown'),(64,15,7,'2010-03-22 08:00:00','2010-03-21 00:00:00',10,'closed','GoldCrown'),(65,19,14,'2010-03-29 08:00:00','2010-03-28 00:00:00',10,'closed','GoldCrown'),(66,10,11,'2010-04-08 08:00:00','2010-04-07 00:00:00',10,'closed','GoldCrown'),(67,15,11,'2010-04-12 08:00:00','2010-04-11 00:00:00',10,'closed','GoldCrown'),(68,13,13,'2010-04-19 08:00:00','2010-04-18 00:00:00',10,'closed','GoldCrown'),(69,13,12,'2010-04-26 08:00:00','2010-04-25 00:00:00',10,'closed','GoldCrown'),(71,13,20,'2010-05-10 08:00:00','2010-05-09 00:00:00',10,'closed','GoldCrown'),(72,13,11,'2010-05-17 08:00:00','2010-05-16 00:00:00',10,'closed','GoldCrown'),(73,22,22,'2010-05-27 08:00:00','2010-05-26 00:00:00',10,'closed','GoldCrown'),(74,15,15,'2010-06-04 08:00:00','2010-06-03 00:00:00',10,'closed','GoldCrown'),(76,20,29,'2010-06-18 08:00:00','2010-06-17 00:00:00',10,'closed','GoldCrown'),(78,11,13,'2010-07-02 08:00:00','2010-07-01 00:00:00',10,'closed','GoldCrown'),(82,26,21,'2010-08-06 08:00:00','2010-08-05 00:00:00',10,'closed','GoldCrown'),(88,17,17,'2010-09-17 08:00:00','2010-09-16 00:00:00',10,'closed','GoldCrown'),(92,17,16,'2010-10-15 08:00:00','2010-10-14 00:00:00',10,'closed','GoldCrown'),(93,24,12,'2010-10-22 08:00:00','2010-10-21 00:00:00',10,'closed','GoldCrown'),(94,12,8,'2010-10-29 08:00:00','2010-10-28 00:00:00',10,'closed','GoldCrown'),(95,8,10,'2010-11-05 08:00:00','2010-11-04 00:00:00',10,'closed','GoldCrown'),(96,15,17,'2010-11-12 08:00:00','2010-11-11 00:00:00',10,'closed','GoldCrown'),(98,9,4,'2010-11-26 08:00:00','2010-11-25 00:00:00',10,'closed','GoldCrown'),(100,28,20,'2010-12-10 08:00:00','2010-12-09 00:00:00',10,'closed','GoldCrown'),(101,25,22,'2010-12-17 08:00:00','2010-12-16 00:00:00',10,'closed','GoldCrown'),(103,17,12,'2011-01-14 08:00:00','2011-01-13 00:00:00',10,'closed','GoldCrown'),(105,21,19,'2011-01-28 08:00:00','2011-01-27 00:00:00',10,'closed','GoldCrown'),(107,0,0,'2011-02-11 08:00:00','2011-02-10 00:00:00',10,'closed','GoldCrown'),(109,0,0,'2011-02-25 08:00:00','2011-02-24 00:00:00',10,'closed','GoldCrown'),(111,15,21,'2011-03-25 08:00:00','2011-03-24 00:00:00',10,'closed','GoldCrown'),(112,0,0,'2011-04-01 08:00:00','2011-03-31 00:00:00',10,'closed','GoldCrown'),(113,0,0,'2011-04-08 08:00:00','2011-04-07 00:00:00',10,'closed','GoldCrown'),(114,13,11,'2011-04-15 08:00:00','2011-04-14 00:00:00',10,'closed','GoldCrown'),(115,17,22,'2011-04-22 08:00:00','2011-04-21 00:00:00',10,'closed','GoldCrown'),(117,14,13,'2011-05-06 08:00:00','2011-05-05 00:00:00',10,'closed','GoldCrown'),(118,17,18,'2011-05-13 08:00:00','2011-05-12 00:00:00',10,'closed','GoldCrown'),(119,11,15,'2011-05-20 08:00:00','2011-05-19 00:00:00',10,'closed','GoldCrown'),(120,21,14,'2011-05-27 08:00:00','2011-05-27 00:00:00',10,'closed','GoldCrown'),(121,7,7,'2011-06-03 08:00:00','2011-06-02 00:00:00',12,'closed','Epitok'),(122,4,6,'2011-06-10 08:00:00','2011-06-09 00:00:00',12,'closed','Epitok'),(123,10,6,'2011-06-17 08:00:00','2011-06-16 00:00:00',12,'closed','Epitok'),(124,8,10,'2011-06-24 08:00:00','2011-06-22 12:00:00',15,'closed','Epitok'),(125,9,10,'2011-07-01 08:00:00','2011-06-30 00:00:00',12,'closed','Epitok'),(126,7,4,'2011-07-08 08:00:00','2011-07-07 00:00:00',12,'closed','Epitok'),(127,8,13,'2011-07-15 08:00:00','2011-07-14 00:00:00',12,'closed','Epitok'),(128,6,10,'2011-07-22 08:00:00','2011-07-21 00:00:00',16,'closed','Epitok'),(130,15,10,'2011-07-29 08:00:00','2011-07-28 00:00:00',18,'closed','Epitok'),(131,10,10,'2011-08-05 08:00:00','2011-08-04 00:00:00',14,'closed','Epitok'),(132,3,5,'2011-08-12 08:00:00','2011-08-11 00:00:00',12,'closed','Eptiok'),(134,4,7,'2011-08-26 08:00:00','2011-08-25 00:00:00',12,'closed','Epitok'),(135,7,9,'2011-09-02 08:00:00','2011-09-01 00:00:00',12,'closed','Epitok'),(137,11,8,'2011-09-16 08:00:00','2011-09-15 00:00:00',12,'game','Epitok'),(138,7,10,'2011-09-23 08:00:00','2011-09-22 00:00:00',14,'closed','Epitok'),(139,3,10,'2011-09-30 08:00:00','2011-09-29 00:00:00',14,'closed','Eptiok'),(140,5,10,'2011-10-07 08:00:00','2011-10-06 00:00:00',12,'closed','Epitok'),(141,5,8,'2011-10-14 08:00:00','2011-10-13 00:00:00',12,'closed','Epitok'),(142,8,10,'2011-10-21 07:30:00','2011-10-20 00:00:00',14,'closed','Epitok'),(143,2,12,'2011-10-28 07:30:00','2011-10-27 00:00:00',14,'closed','Epitok'),(144,0,0,'2011-11-04 07:30:00','2011-11-03 00:00:00',14,'game','Epitok'),(145,6,4,'2011-11-11 07:30:00','2011-11-10 00:00:00',12,'closed','Epitok'),(146,5,5,'2011-11-18 07:30:00','2011-11-17 00:00:00',12,'closed','Epitok'),(147,3,7,'2011-11-25 07:30:00','2011-11-24 00:00:00',12,'closed','Epitok'),(148,10,2,'2011-12-02 07:30:00','2011-12-01 00:00:00',12,'closed','Epitok'),(149,7,3,'2011-12-09 07:30:00','2011-12-08 00:00:00',12,'closed','Epitok'),(151,5,4,'2012-01-06 07:30:00','2012-01-05 00:00:00',12,'closed','Epitok'),(152,6,8,'2012-01-13 07:30:00','2012-01-12 00:00:00',12,'closed','Epitok'),(153,6,5,'2012-01-20 07:30:00','2012-01-19 00:00:00',12,'closed','Epitok'),(154,9,6,'2012-01-27 07:30:00','2012-01-26 00:00:00',12,'closed','Epitok'),(155,2,1,'2012-02-03 07:30:00','2012-02-02 00:00:00',12,'closed','Epitok'),(156,2,3,'2012-02-10 07:30:00','2012-02-09 00:00:00',12,'closed','Epitok'),(158,3,2,'2012-02-24 07:30:00','2012-02-23 00:00:00',12,'closed','Epitok'),(159,4,10,'2012-03-02 07:30:00','2012-03-01 00:00:00',12,'closed','Epitok'),(160,5,9,'2012-03-09 07:30:00','2012-03-08 00:00:00',12,'closed','Epitok'),(161,5,12,'2012-03-16 07:30:00','2012-03-15 00:00:00',14,'closed','Epitok'),(162,5,9,'2012-03-19 21:00:00','2012-03-18 00:00:00',18,'closed','Epitok'),(163,4,9,'2012-03-23 07:30:00','2012-03-22 00:00:00',12,'closed','Epitok'),(164,6,11,'2012-03-26 21:00:00','2012-03-25 00:00:00',16,'closed','Epitok'),(165,4,4,'2012-03-30 07:30:00','2012-03-29 00:00:00',12,'closed','Eptiok'),(166,4,12,'2012-04-02 21:00:00','2012-04-01 00:00:00',14,'closed','Eptiok'),(167,3,5,'2012-04-06 07:30:00','2012-04-05 00:00:00',12,'closed','Epitok'),(169,6,5,'2012-04-13 07:30:00','2012-04-12 00:00:00',12,'closed','Epitok'),(171,6,9,'2012-04-20 07:30:00','2012-04-19 00:00:00',12,'closed','Epitok'),(172,4,4,'2012-04-27 07:30:00','2012-04-26 00:00:00',12,'closed','Eptiok'),(174,4,5,'2012-05-04 07:30:00','2012-05-03 00:00:00',12,'closed','Epitok'),(175,9,12,'2012-05-11 07:30:00','2012-05-10 00:00:00',12,'closed','Epitok'),(176,12,6,'2012-05-18 07:30:00','2012-05-17 00:00:00',12,'closed','Epitok'),(177,9,9,'2012-05-25 07:30:00','2012-05-24 00:00:00',12,'closed','Epitok'),(178,11,10,'2012-06-01 07:30:00','2012-05-31 00:00:00',12,'closed','Epitok'),(179,10,10,'2012-06-08 07:30:00','2012-06-09 00:00:00',12,'closed','Epitok'),(180,10,10,'2012-06-15 07:30:00','2012-06-14 00:00:00',12,'closed','Epitok'),(181,8,5,'2012-06-22 07:30:00','2012-06-21 00:00:00',12,'closed','Epitok'),(182,4,8,'2012-06-29 07:30:00','2012-06-28 00:00:00',12,'closed','Epitok'),(183,7,8,'2012-07-06 07:30:00','2012-07-05 00:00:00',12,'closed','Epitok'),(184,8,8,'2012-07-13 07:30:00','2012-07-12 00:00:00',12,'closed','Epitok'),(185,6,9,'2012-07-20 07:30:00','2012-07-19 00:00:00',12,'closed','Epitok'),(186,8,6,'2012-07-27 07:30:00','2012-07-26 00:00:00',12,'closed','Epitok'),(187,7,5,'2012-08-03 07:30:00','2012-08-02 00:00:00',12,'closed','Epitok'),(189,1,1,'2012-08-17 07:30:00','2012-08-16 00:00:00',12,'closed','Epitok'),(190,6,4,'2012-08-24 07:30:00','2012-08-23 00:00:00',12,'closed','Eptiok'),(191,13,12,'2012-08-31 07:30:00','2012-08-30 00:00:00',12,'closed','Epitok'),(195,12,12,'2012-10-05 07:30:00','2012-10-04 00:00:00',12,'closed','BMESportkozpont'),(196,15,16,'2012-10-12 07:30:00','2012-10-11 00:00:00',10,'closed','BMESportkozpont'),(197,13,15,'2012-10-19 07:30:00','2012-10-18 00:00:00',10,'closed','BMESportkozpont'),(198,14,7,'2012-10-26 07:30:00','2012-10-25 00:00:00',10,'closed','BMESportkozpont'),(199,13,7,'2012-11-09 07:30:00','2012-11-08 00:00:00',10,'closed','BMESportkozpont'),(200,0,0,'2012-11-01 10:00:00','2012-10-31 00:00:00',10,'checkin','BMESportkozpont'),(201,0,0,'2012-11-11 10:00:00','2012-11-10 00:00:00',12,'closed','BMESportkozpont'),(202,15,5,'2012-11-16 07:30:00','2012-11-15 00:00:00',10,'closed','BMESportkozpont'),(203,0,0,'2012-11-18 10:00:00','2012-11-17 00:00:00',12,'checkin','BMESportkozpont'),(204,13,14,'2012-11-23 07:30:00','2012-11-22 00:00:00',10,'closed','BMESportkozpont'),(205,0,0,'2012-11-24 10:00:00','2012-11-23 00:00:00',12,'checkin','BMESportkozpont'),(206,17,13,'2012-11-30 07:30:00','2012-11-29 00:00:00',10,'closed','BMESportkozpont'),(207,0,0,'2012-12-02 10:00:00','2012-12-01 00:00:00',12,'checkin','BMESportkozpont'),(208,19,17,'2012-12-07 07:30:00','2012-12-06 00:00:00',10,'closed','BMESportkozpont'),(209,22,27,'2012-12-14 07:30:00','2012-12-13 00:00:00',10,'closed','GoldCrown'),(210,0,0,'2012-12-09 11:00:00','2012-12-08 00:00:00',14,'checkin','BMESportkozpont'),(211,22,27,'2012-12-16 10:00:00','2012-12-15 00:00:00',12,'checkin','BMESportkozpont'),(212,0,0,'2012-12-28 07:30:00','2012-12-27 00:00:00',10,'checkin','BMESportkozpont'),(213,15,18,'2013-01-04 07:30:00','2013-01-03 00:00:00',10,'closed','BMESportkozpont'),(214,0,0,'2013-01-06 09:00:00','2013-01-05 00:00:00',12,'checkin','BMESportkozpont'),(215,12,12,'2013-01-11 07:30:00','2013-01-10 00:00:00',10,'closed','BMESportkozpont'),(216,0,0,'2013-01-18 07:30:00','2013-01-17 00:00:00',10,'game','BMESportkozpont'),(217,0,0,'2013-01-25 07:30:00','2013-01-25 00:00:00',10,'game','BMESportkozpont'),(218,0,0,'2013-02-01 07:30:00','2013-01-31 00:00:00',10,'game','BMESportkozpont'),(219,0,0,'2013-02-08 07:30:00','2013-02-07 00:00:00',10,'game','BMESportkozpont'),(220,0,0,'2013-02-15 07:30:00','2013-02-14 00:00:00',10,'game','BMESportkozpont'),(221,20,19,'2013-02-22 07:25:00','2013-02-21 00:00:00',10,'closed','BMESportkozpont'),(222,0,0,'2013-03-01 07:25:00','2013-02-28 00:00:00',10,'game','BMESportkozpont'),(223,21,16,'2013-03-08 07:25:00','2013-03-07 00:00:00',10,'closed','BMESportkozpont'),(224,0,0,'2013-03-22 07:25:00','2013-03-21 00:00:00',10,'game','BMESportkozpont'),(225,21,20,'2013-03-29 07:25:00','2013-03-28 00:00:00',10,'closed','BMESportkozpont'),(226,0,0,'2013-04-05 07:25:00','2013-04-04 00:00:00',10,'game','BMESportkozpont'),(227,0,0,'2013-04-12 07:25:00','2013-04-11 00:00:00',10,'game','BMESportkozpont'),(228,18,16,'2013-04-19 07:25:00','2013-04-18 00:00:00',10,'closed','BMESportkozpont'),(229,31,33,'2013-04-26 07:25:00','2013-04-25 00:00:00',10,'closed','BMESportkozpont'),(230,0,0,'2013-05-03 07:25:00','2013-05-02 00:00:00',10,'game','BMESportkozpont'),(231,14,16,'2013-05-10 07:25:00','2013-05-09 00:00:00',10,'closed','BMESportkozpont'),(232,22,17,'2013-05-17 07:25:00','2013-05-16 00:00:00',10,'closed','BMESportkozpont'),(233,0,0,'2013-05-24 07:25:00','2013-05-23 00:00:00',10,'game','BMESportkozpont'),(234,20,22,'2013-05-31 07:25:00','2013-05-30 00:00:00',10,'closed','BMESportkozpont'),(235,0,0,'2013-06-07 07:25:00','2013-06-06 00:00:00',10,'game','BMESportkozpont'),(236,0,0,'2013-06-14 07:25:00','2013-06-13 00:00:00',10,'game','BMESportkozpont'),(237,0,0,'2013-06-21 07:25:00','2013-06-20 00:00:00',10,'game','BMESportkozpont'),(238,18,19,'2013-06-28 07:25:00','2013-06-27 00:00:00',12,'closed','BMESportkozpont'),(239,0,0,'2013-07-05 07:30:00','2013-07-04 00:00:00',12,'game','BMESportkozpont'),(240,0,0,'2013-07-12 07:30:00','2013-07-11 00:00:00',12,'game','BMESportkozpont'),(241,0,0,'2013-07-19 07:30:00','2013-07-18 00:00:00',12,'game','BMESportkozpont');
/*!40000 ALTER TABLE `matches` ENABLE KEYS */;
UNLOCK TABLES;

--
-- Table structure for table `schema_migrations`
--

DROP TABLE IF EXISTS `schema_migrations`;
/*!40101 SET @saved_cs_client     = @@character_set_client */;
/*!40101 SET character_set_client = utf8 */;
CREATE TABLE `schema_migrations` (
  `version` varchar(255) COLLATE utf8_unicode_ci NOT NULL,
  UNIQUE KEY `unique_schema_migrations` (`version`)
) ENGINE=InnoDB DEFAULT CHARSET=utf8 COLLATE=utf8_unicode_ci;
/*!40101 SET character_set_client = @saved_cs_client */;

--
-- Dumping data for table `schema_migrations`
--

LOCK TABLES `schema_migrations` WRITE;
/*!40000 ALTER TABLE `schema_migrations` DISABLE KEYS */;
INSERT INTO `schema_migrations` VALUES ('20130907091110'),('20130907092454'),('20130907092638'),('20130907095601'),('20130907095912'),('20130907100408'),('20130907100429');
/*!40000 ALTER TABLE `schema_migrations` ENABLE KEYS */;
UNLOCK TABLES;

--
-- Table structure for table `users`
--

DROP TABLE IF EXISTS `users`;
/*!40101 SET @saved_cs_client     = @@character_set_client */;
/*!40101 SET character_set_client = utf8 */;
CREATE TABLE `users` (
  `id` int(11) NOT NULL AUTO_INCREMENT,
  `name` varchar(255) COLLATE utf8_unicode_ci DEFAULT NULL,
  `email` varchar(255) COLLATE utf8_unicode_ci DEFAULT NULL,
  `nickname` varchar(255) COLLATE utf8_unicode_ci DEFAULT NULL,
  `role` varchar(255) COLLATE utf8_unicode_ci DEFAULT NULL,
  `password` varchar(255) COLLATE utf8_unicode_ci DEFAULT NULL,
  `login` varchar(255) COLLATE utf8_unicode_ci DEFAULT NULL,
  PRIMARY KEY (`id`)
) ENGINE=InnoDB AUTO_INCREMENT=110 DEFAULT CHARSET=utf8 COLLATE=utf8_unicode_ci;
/*!40101 SET character_set_client = @saved_cs_client */;

--
-- Dumping data for table `users`
--

LOCK TABLES `users` WRITE;
/*!40000 ALTER TABLE `users` DISABLE KEYS */;
INSERT INTO `users` VALUES (2,'Flp Pter','peter.fulop@gmail.com','Fli','admin','dda18b69788f309266c81c34bbb77c1b','epteflo'),(14,'Kantor Robert','robert.kantor@ericsson.com','roberator','team_member','81dc9bdb52d04dc20036dbd8313ed055','krobesz'),(16,'Gspr Csaba','ecsagsp@gmail.com','ecsagsp','extended_away','827ccb0eea8a706c4c34a16891f84e7b','ecsagsp'),(17,'Kosa Szabolcs','szabolcs.kosa@ericsson.com','K. Szabi','team_member','35dce839a0fc927ac79159d76ba13805','ethska'),(18,'Boldizsar Adam','boldizsar.adam@gmail.com','Boldi','team_member','d25ba7b082dd21adfebb72363ad01fca','boldi'),(19,'Kder Istvn','istvan.koder@gmail.com','Pityu','team_member','542d3c2e6c260ec29da6660925d155fa','etienne5'),(21,'Orbn Pter','peterorban81@gmail.com','OPeti','admin','fc739bfba07b68fba08e0ef461ae9b7b','epteorb'),(23,'Kis Tth Laci','kistlaszlo@gmail.com','Laci','team_member','4aa1e47e8ee61d722a9d5d30c3c8f9f6','kistlaszlo'),(29,'Bokor Lszl','goodzi@gmail.com','goodzi','team_member','7cbb3252ba6b7e9c422fac5334d22054','goodzi'),(31,'Kanizsai Zoltn','zoltan.kanizsai@gmail.com','KZoli','team_member','e32e22e534ce42bf11a9236e34fffbd5','KZoli'),(38,'Szlka Tams','szalka-tamas@t-online.hu','szt','team_member','d012c5116caa46249926bbf8d7fca31c','sztomasz'),(42,'Psti Attila','pasti.attila@upcmail.hu','Sajt','team_member','02e4e059ba1955936f8ee41a8ce93475','eattpst'),(43,'dummy','hidralika@gmail.com','dummy','team_member','275876e34cf609db118f3d84b799a790','dummy'),(44,'Polesinszky Gergely','polesin@freemail.hu','Gergo','team_member','9d7db2f384010db4bca312b38d24d4e8','ethpog'),(45,'Novaczki Szabi','nszabi','Dzaaaaabi','team_member','e802fc8ca8d3ee5f91008d8e1ba5c73f','nszabi'),(52,'Bali Mikls','miklos.bali@gmail.com','Mike','admin','b885fc5454ad92826e9d64f3dd0d3365','bmiki'),(53,'Szerencse Balzs','szeri1@freestart.hu','Szeri','team_member','c3e39bf9f009b801037846853bfa9f2c','Szeri'),(56,'Deutschmann','pesta2@gmail.com','Pitya','team_member','f042de77b4566596ad4e101b84d0d822','Pitya'),(57,'Szuromi Tams','tromika@gmail.com','Tomi','team_member','a455187613f3a39ea5c6bd17f7856c2f','tromika'),(58,'Tth Gerg','gergo.toth@gmail.com','GergoToth','team_member','efc847fa5a386a38fcc9d0573bb87272','GergoToth'),(59,'Kovacs Edvard','edvard.kovacs@ericsson.com','Edu','team_member','4787a235f513368c51dd137791e508bb','ethkse'),(61,'Amschl Zsolt','freemail_zsole@freemail.hu','zsole','team_member','fc7829cb458ee94ef13f48515b713b0e','zsole'),(62,'Edzb','gyulimuli@freemail.hu','gyuli','super_team_member','bd3b8076511a774b65111242485a929a','gyuli'),(64,'Ills Gbor','gailles@allianz.hu','Gbor','extended_away','d9937775cc729ee85cdcc70da7dad6b1','Gbor'),(65,'guest1','guest1','guest1','team_member','15dac3875ad0f994a832043be841dc7e','guest1'),(66,'Kovcs Adrin','betonfogsor@gmail.com','adrian','admin','e10adc3949ba59abbe56e057f20f883e','csikszem'),(69,'guest2','guest2','guest2','team_member','c4e799fad53c0dec94d4f201a4dd5e78','guest2'),(70,'Nejlon Kapus','nejlonkapus','NejlonKapus','team_member','7e71e09dac3559b2848e4f7b1415c4e0','nejlonkapus'),(71,'Pintr Tams','pintert.hu@gmail.com','pinter.tamas','team_member','e83eb6ccb58e76e6fcb075273ad9db1f','pintert'),(72,'Zahumenszky Anna','tigri@freemail.hu','Anna','extended_away','97a9d330e236c8d067f01da1894a5438','Anna'),(76,'Tth Dvid','tothda@gmail.com','Dvid','admin','efc847fa5a386a38fcc9d0573bb87272','tothda'),(77,'Harangoz Csaba','kishari@gmail.com','kishari','team_member','71d87bc30efda880331183764460162d','kishari'),(78,'Fodor Kristf','fodor@etl.hu','Kristf','team_member','d954cdbdfab6e1bb956f6b5064af5f82','fodor'),(79,'Farkas Viktor','vsakraf@gmail.com','viktor','team_member','e82b92f511e3c155fa98909217d6d737','viktor'),(80,'Varga Klmn','kalman87@vipmail.hu','Klmi','team_member','57b2297779c1a89242284af742784118','VK'),(81,'Balzs Zoltn','zoltan.balazs@dbx.hu','zoli','team_member','67baad6d0e5026ceed1b617a08421885','zoli'),(82,'andi','sanity682@gmail.com','andi','team_member','ce0e5bf55e4f71749eade7a8b95c4e46','andi'),(83,'Bodnr Imre','imi.bodnar@gmail.com','Imi a Bodnr','team_member','f34e082ec6bdde3cd47e7a59a0e5d901','imre_bodnar'),(84,'ezoltna','ezoltna@gmail.com','ezoltna','team_member','203b20a9778e0005e6d85665e3614de1','ezoltna'),(85,'guest3','g','guest3','team_member','800e07f96539ce15ae6bf604dd9cc73f','guest3'),(86,'guest4','g','guest4','team_member','0c2f95edb0b3757e49dcf01e219914eb','guest4'),(87,'guest5','g','guest5','team_member','1ba562cc025376a90f12a9ec337cf67a','guest5'),(88,'guest6','g','guest6','team_member','b11f242a93ad61214f1b3d3625056996','guest6'),(89,'Gabor Naftz','naftzy@gmail.com','egbonaf','team_member','201016e8206a5f42aa527090511504d5','egbonaf'),(90,'Tth Gbor','tgredbull@vipmail.hu','Msin','team_member','3d5ee59843a46f18f3317665adc694aa','masin'),(91,'Krmer Pter','kremerpeter@gmail.com','Pedro','super_team_member','e3402e549237084563e75c1977e4e7b0','Pedro'),(92,'Ficzere Pter','ficzerepeti@gmail.com','da Fnk','team_member','3cb680e7a47da70ca8526b8945ef593a','ficzerepeti'),(93,'Tth Sndor','sandor.toth@ericsson.com','Tosa','team_member','9f91d4e8231529d57922829aaa4c3a9c','Tosa'),(94,'Papp-Vry rpd','apappvary@bkf.hu','rpi','team_member','a62d59d9f7a0794eb9caa26b6c1ceb95','apappvary'),(95,'Hives Pter','hivesp@hotmail.com','Hives','team_member','93fe9ee67016a3a3bba750d81106a6cb','Hivesp'),(96,'Schwarz Gbor','schvarcz_00@hotmail.com','Gaca','team_member','3e7f294bfe377d2294a88a8f032e4bb4','gaca'),(97,'Dipzlw','rosemaryfinneysi@gmail.com\r\n','Dipzlw','team_member','b97ec4ee8172795de3ebe02ffa2cbbaf','Dipzlw'),(98,'Holubk Istvn','piiisti@freemail.hu','Pisti','team_member','8d7ccb9a4f605b0cfc4df18f31bf52c8','vinny'),(99,'Kalmr Tams','thomas44@freemail.hu','KalmiTomi','team_member','e4f217917cf9a49917956efc641e290b','KalmiTomi'),(100,'Realfler','realfler@freemail.hu','Realfler','team_member','133d6f681b99ff2a42e8d2268228f6d0','Realfler'),(101,'Dudics Edina','dudics.edina@gmail.com','dina','team_member','da75455208e31fb08cd62dcfda416a95','dina'),(102,'Nagy Csilla','nagy.csilla4@gmail.com','Csicsi','team_member','9898b82f0ec31bbfa0b43a0637aa370a','csicsi4'),(103,'Bn Krisztin','bkrisz23@vipmail.hu','Krisz23','team_member','b734eaeca56b7be5e9c1e13e8d788859','bkrisz23'),(104,'Tams Andrs','tamas.andras77@gmail.com','Ata','team_member','5eb896f017c31f6e02b8f70afb0800fe','atamas'),(105,'Pnzes Attila','penzesa@yahoo.com','Seven','team_member','bb3aec0fdcdbc2974890f805c585d432','penzesa'),(106,'Szkely Sndor','sandor.szekely@dbx.hu','Sanyi','team_member','f1490774293fb9464f4feb595dfa257b','sanyi'),(107,'Csabai Adrienn','adrienn.csabai1986@gmail.com','Adri','team_member','c83e0af971863a7417d4d7d0242cc371','Adree'),(108,'Bodcs Emese','ebodocs@gmail.com','Emez','team_member','eb6d80ac1e4a1d06b66297cc769c13cf','Emez'),(109,'Makai Mrton','makaim@gmail.com','makaim','team_member','d56b699830e77ba53855679cb1d252da','makaim');
/*!40000 ALTER TABLE `users` ENABLE KEYS */;
UNLOCK TABLES;
/*!40103 SET TIME_ZONE=@OLD_TIME_ZONE */;

/*!40101 SET SQL_MODE=@OLD_SQL_MODE */;
/*!40014 SET FOREIGN_KEY_CHECKS=@OLD_FOREIGN_KEY_CHECKS */;
/*!40014 SET UNIQUE_CHECKS=@OLD_UNIQUE_CHECKS */;
/*!40101 SET CHARACTER_SET_CLIENT=@OLD_CHARACTER_SET_CLIENT */;
/*!40101 SET CHARACTER_SET_RESULTS=@OLD_CHARACTER_SET_RESULTS */;
/*!40101 SET COLLATION_CONNECTION=@OLD_COLLATION_CONNECTION */;
/*!40111 SET SQL_NOTES=@OLD_SQL_NOTES */;

-- Dump completed on 2013-09-07 16:17:11
