-- phpMyAdmin SQL Dump
-- version 2.11.4-rc1
-- http://www.phpmyadmin.net
--
-- Hoszt: sql5.ultraweb.hu:3306
-- Létrehozás ideje: 2013. Szept 09. 17:43
-- Szerver verzió: 4.1.22
-- PHP Verzió: 5.2.6

SET SQL_MODE="NO_AUTO_VALUE_ON_ZERO";


/*!40101 SET @OLD_CHARACTER_SET_CLIENT=@@CHARACTER_SET_CLIENT */;
/*!40101 SET @OLD_CHARACTER_SET_RESULTS=@@CHARACTER_SET_RESULTS */;
/*!40101 SET @OLD_COLLATION_CONNECTION=@@COLLATION_CONNECTION */;
/*!40101 SET NAMES utf8 */;

--
-- Adatbázis: `kfcfloorball`
--
CREATE DATABASE `kfcfloorball` DEFAULT CHARACTER SET latin2 COLLATE latin2_hungarian_ci;
USE `kfcfloorball`;

-- --------------------------------------------------------

--
-- Tábla szerkezet: `matches`
--

DROP TABLE IF EXISTS `matches`;
CREATE TABLE IF NOT EXISTS `matches` (
  `id` int(11) unsigned NOT NULL auto_increment,
  `weekid` int(11) NOT NULL default '0',
  `time` time NOT NULL default '00:00:00',
  `date` date NOT NULL default '0000-00-00',
  `deadline` datetime NOT NULL default '0000-00-00 00:00:00',
  `duration` int(11) NOT NULL default '1',
  `place` text collate latin2_hungarian_ci NOT NULL,
  `limit` int(11) NOT NULL default '0',
  `team_dist_mode` varchar(11) collate latin2_hungarian_ci NOT NULL default 'random',
  `team_a_captain` int(11) NOT NULL default '0',
  `team_b_captain` int(11) NOT NULL default '0',
  `score_added` tinyint(1) NOT NULL default '0',
  `team_a_score` int(11) NOT NULL default '0',
  `team_b_score` int(11) NOT NULL default '0',
  `state` varchar(15) collate latin2_hungarian_ci NOT NULL default 'checkin',
  `comment` text collate latin2_hungarian_ci NOT NULL,
  PRIMARY KEY  (`id`)
) ENGINE=MyISAM  DEFAULT CHARSET=latin2 COLLATE=latin2_hungarian_ci AUTO_INCREMENT=250 ;

--
-- Tábla adatok: `matches`
--

INSERT INTO `matches` (`id`, `weekid`, `time`, `date`, `deadline`, `duration`, `place`, `limit`, `team_dist_mode`, `team_a_captain`, `team_b_captain`, `score_added`, `team_a_score`, `team_b_score`, `state`, `comment`) VALUES
(22, 37, '08:00:00', '2009-09-10', '2009-09-09 00:00:00', 1, 'GoldCrown', 10, 'weighted', 0, 0, 1, 0, 0, 'game', '	   '),
(28, 38, '08:00:00', '2009-09-17', '2009-09-14 00:00:00', 1, 'GoldCrown', 10, 'captain', 10, 17, 1, 20, 26, 'closed', 'A minimum letszam 8 \r\nfo.'),
(31, 39, '08:00:00', '2009-09-24', '2009-09-23 00:00:00', 1, 'GoldCrown', 10, 'captain', 10, 2, 1, 13, 13, 'closed', '	   '),
(32, 40, '08:00:00', '2009-09-28', '2009-09-27 00:00:00', 1, 'GoldCrown', 10, 'captain', 21, 2, 1, 36, 27, 'closed', ''),
(33, 40, '08:00:00', '2009-10-02', '2009-10-01 00:00:00', 1, 'GoldCrown', 6, 'captain', 16, 26, 1, 40, 30, 'closed', ''),
(34, 41, '08:00:00', '2009-10-08', '2009-10-07 00:00:00', 1, 'GoldCrown', 10, 'captain', 10, 18, 1, 25, 21, 'closed', '	   '),
(35, 41, '08:00:00', '2009-10-09', '2009-10-08 00:00:00', 1, 'GoldCrown', 8, 'captain', 21, 2, 1, 32, 18, 'closed', '	   '),
(36, 42, '08:00:00', '2009-10-15', '2009-10-14 00:00:00', 1, 'GoldCrown', 10, 'captain', 14, 10, 1, 42, 27, 'closed', ''),
(38, 43, '08:00:00', '2009-10-22', '2009-10-21 00:00:00', 1, 'GoldCrown', 10, 'random', 2, 10, 1, 18, 24, 'closed', ''),
(40, 44, '08:00:00', '2009-10-29', '2009-10-28 00:00:00', 1, 'GoldCrown', 10, 'captain', 17, 21, 1, 21, 11, 'closed', '	   '),
(42, 45, '08:00:00', '2009-11-05', '2009-11-04 00:00:00', 1, 'GoldCrown', 10, 'captain', 21, 2, 1, 14, 17, 'closed', 'Ne legyetek\r\npatkonyok!!!! '),
(44, 46, '08:00:00', '2009-11-12', '2009-11-11 00:00:00', 1, 'GoldCrown', 10, 'captain', 16, 14, 1, 17, 13, 'closed', '	   '),
(45, 47, '08:00:00', '2009-11-19', '2009-11-18 00:00:00', 1, 'GoldCrown', 10, 'captain', 23, 17, 1, 13, 21, 'closed', '	   '),
(46, 48, '08:00:00', '2009-11-26', '2009-11-25 00:00:00', 1, 'GoldCrown', 10, 'captain', 10, 2, 1, 11, 12, 'closed', '	   '),
(47, 49, '08:00:00', '2009-12-03', '2009-12-02 00:00:00', 1, 'GoldCrown', 10, 'captain', 19, 14, 1, 8, 9, 'closed', '	   '),
(48, 50, '08:00:00', '2009-12-10', '2009-12-09 00:00:00', 1, 'GoldCrown', 10, 'captain', 10, 31, 1, 32, 30, 'closed', '	   '),
(49, 51, '08:00:00', '2009-12-17', '2009-12-16 00:00:00', 1, 'GoldCrown', 10, 'captain', 17, 21, 1, 7, 8, 'closed', '	   '),
(50, 1, '08:00:00', '2010-01-07', '2010-01-06 00:00:00', 1, 'GoldCrown', 10, 'captain', 10, 10, 1, 12, 10, 'closed', '	   '),
(51, 2, '08:00:00', '2010-01-14', '2010-01-13 00:00:00', 1, 'GoldCrown', 10, 'weighted', 0, 0, 1, 11, 11, 'closed', 'a'),
(52, 3, '08:00:00', '2010-01-21', '2010-01-20 00:00:00', 1, 'GoldCrown', 10, 'weighted', 0, 0, 1, 13, 9, 'closed', '	   '),
(55, 4, '08:00:00', '2010-01-28', '2010-01-27 00:00:00', 1, 'GoldCrown', 10, 'weighted', 0, 0, 1, 14, 13, 'closed', '	   '),
(56, 5, '08:00:00', '2010-02-04', '2010-02-03 00:00:00', 1, 'GoldCrown', 10, 'weighted', 0, 0, 1, 17, 8, 'closed', '	   '),
(57, 6, '08:00:00', '2010-02-11', '2010-02-10 00:00:00', 1, 'GoldCrown', 10, 'weighted', 0, 0, 1, 10, 15, 'closed', '	   '),
(58, 7, '08:00:00', '2010-02-18', '2010-02-17 00:00:00', 1, 'GoldCrown', 10, 'weighted', 0, 0, 1, 7, 6, 'closed', '	   '),
(65, 13, '08:00:00', '2010-03-29', '2010-03-28 00:00:00', 1, 'GoldCrown', 10, 'weighted', 0, 0, 1, 19, 14, 'closed', '	   '),
(62, 10, '08:00:00', '2010-03-11', '2010-03-10 00:00:00', 1, 'GoldCrown', 10, 'weighted', 0, 0, 1, 14, 13, 'closed', '	   '),
(64, 12, '08:00:00', '2010-03-22', '2010-03-21 00:00:00', 1, 'GoldCrown', 10, 'weighted', 0, 0, 1, 15, 7, 'closed', '	   '),
(66, 14, '08:00:00', '2010-04-08', '2010-04-07 00:00:00', 1, 'GoldCrown', 10, 'weighted', 0, 0, 1, 10, 11, 'closed', '	   '),
(67, 15, '08:00:00', '2010-04-12', '2010-04-11 00:00:00', 1, 'GoldCrown', 10, 'weighted', 0, 0, 1, 15, 11, 'closed', '	   '),
(68, 16, '08:00:00', '2010-04-19', '2010-04-18 00:00:00', 1, 'GoldCrown', 10, 'weighted', 0, 0, 1, 13, 13, 'closed', '	   '),
(69, 17, '08:00:00', '2010-04-26', '2010-04-25 00:00:00', 1, 'GoldCrown', 10, 'weighted', 0, 0, 1, 13, 12, 'closed', '	   '),
(71, 19, '08:00:00', '2010-05-10', '2010-05-09 00:00:00', 1, 'GoldCrown', 10, 'weighted', 0, 0, 1, 13, 20, 'closed', '	   '),
(72, 20, '08:00:00', '2010-05-17', '2010-05-16 00:00:00', 1, 'GoldCrown', 10, 'weighted', 0, 0, 1, 13, 11, 'closed', '	   '),
(73, 21, '08:00:00', '2010-05-27', '2010-05-26 00:00:00', 1, 'GoldCrown', 10, 'weighted', 0, 0, 1, 22, 22, 'closed', '	   '),
(74, 22, '08:00:00', '2010-06-04', '2010-06-03 00:00:00', 1, 'GoldCrown', 10, 'weighted', 0, 0, 1, 15, 15, 'closed', '	   '),
(76, 24, '08:00:00', '2010-06-18', '2010-06-17 00:00:00', 1, 'GoldCrown', 10, 'weighted', 0, 0, 1, 20, 29, 'closed', '	   '),
(78, 26, '08:00:00', '2010-07-02', '2010-07-01 00:00:00', 1, 'GoldCrown', 10, 'weighted', 0, 0, 1, 11, 13, 'closed', '	   '),
(82, 31, '08:00:00', '2010-08-06', '2010-08-05 00:00:00', 1, 'GoldCrown', 10, 'weighted', 0, 0, 1, 26, 21, 'closed', '	   '),
(92, 41, '08:00:00', '2010-10-15', '2010-10-14 00:00:00', 1, 'GoldCrown', 10, 'weighted', 0, 0, 1, 17, 16, 'closed', '	   '),
(88, 37, '08:00:00', '2010-09-17', '2010-09-16 00:00:00', 1, 'GoldCrown', 10, 'weighted', 0, 0, 1, 17, 17, 'closed', '	   '),
(93, 42, '08:00:00', '2010-10-22', '2010-10-21 00:00:00', 1, 'GoldCrown', 10, 'weighted', 0, 0, 1, 24, 12, 'closed', '	   '),
(94, 43, '08:00:00', '2010-10-29', '2010-10-28 00:00:00', 1, 'GoldCrown', 10, 'weighted', 0, 0, 1, 12, 8, 'closed', '	   '),
(95, 44, '08:00:00', '2010-11-05', '2010-11-04 00:00:00', 1, 'GoldCrown', 10, 'weighted', 0, 0, 1, 8, 10, 'closed', '	   '),
(96, 45, '08:00:00', '2010-11-12', '2010-11-11 00:00:00', 1, 'GoldCrown', 10, 'weighted', 0, 0, 1, 15, 17, 'closed', '	   '),
(98, 47, '08:00:00', '2010-11-26', '2010-11-25 00:00:00', 1, 'GoldCrown', 10, 'weighted', 0, 0, 1, 9, 4, 'closed', '	   '),
(100, 49, '08:00:00', '2010-12-10', '2010-12-09 00:00:00', 1, 'GoldCrown', 10, 'weighted', 0, 0, 1, 28, 20, 'closed', '	   '),
(101, 50, '08:00:00', '2010-12-17', '2010-12-16 00:00:00', 1, 'GoldCrown', 10, 'weighted', 0, 0, 1, 25, 22, 'closed', '	   '),
(103, 2, '08:00:00', '2011-01-14', '2011-01-13 00:00:00', 1, 'GoldCrown', 10, 'weighted', 0, 0, 1, 17, 12, 'closed', '	   '),
(105, 4, '08:00:00', '2011-01-28', '2011-01-27 00:00:00', 1, 'GoldCrown', 10, 'weighted', 0, 0, 1, 21, 19, 'closed', '	   '),
(107, 6, '08:00:00', '2011-02-11', '2011-02-10 00:00:00', 1, 'GoldCrown', 10, 'weighted', 0, 0, 1, 0, 0, 'closed', '	   '),
(109, 9, '08:00:00', '2011-02-25', '2011-02-24 00:00:00', 1, 'GoldCrown', 10, 'random', 0, 0, 1, 0, 0, 'closed', '	   '),
(111, 13, '08:00:00', '2011-03-25', '2011-03-24 00:00:00', 1, 'GoldCrown', 10, 'weighted', 0, 0, 1, 15, 21, 'closed', '	   '),
(112, 14, '08:00:00', '2011-04-01', '2011-03-31 00:00:00', 1, 'GoldCrown', 10, 'weighted', 0, 0, 1, 0, 0, 'closed', '	   '),
(113, 14, '08:00:00', '2011-04-08', '2011-04-07 00:00:00', 1, 'GoldCrown', 10, 'random', 0, 0, 1, 0, 0, 'closed', '	   '),
(114, 15, '08:00:00', '2011-04-15', '2011-04-14 00:00:00', 1, 'GoldCrown', 10, 'weighted', 0, 0, 1, 13, 11, 'closed', '	   '),
(115, 16, '08:00:00', '2011-04-22', '2011-04-21 00:00:00', 1, 'GoldCrown', 10, 'weighted', 0, 0, 1, 17, 22, 'closed', '	   '),
(117, 18, '08:00:00', '2011-05-06', '2011-05-05 00:00:00', 1, 'GoldCrown', 10, 'weighted', 0, 0, 1, 14, 13, 'closed', '	   '),
(118, 19, '08:00:00', '2011-05-13', '2011-05-12 00:00:00', 1, 'GoldCrown', 10, 'weighted', 0, 0, 1, 17, 18, 'closed', '	   '),
(119, 20, '08:00:00', '2011-05-20', '2011-05-19 00:00:00', 1, 'GoldCrown', 10, 'captain', 52, 2, 1, 11, 15, 'closed', '	   '),
(120, 21, '08:00:00', '2011-05-27', '2011-05-27 00:00:00', 1, 'GoldCrown', 10, 'weighted', 0, 0, 1, 21, 14, 'closed', '	   '),
(121, 22, '08:00:00', '2011-06-03', '2011-06-02 00:00:00', 1, 'Epitok', 12, 'weighted', 0, 0, 1, 7, 7, 'closed', 'Építők sporttelepen a mérkőzés!'),
(122, 23, '08:00:00', '2011-06-10', '2011-06-09 00:00:00', 1, 'Epitok', 12, 'weighted', 0, 0, 1, 4, 6, 'closed', 'Építők sporttelepen a mérkőzés!'),
(123, 24, '08:00:00', '2011-06-17', '2011-06-16 00:00:00', 1, 'Epitok', 12, 'captain', 2, 52, 1, 10, 6, 'closed', '	   '),
(124, 25, '08:00:00', '2011-06-24', '2011-06-22 12:00:00', 1, 'Epitok', 15, 'captain', 21, 2, 1, 8, 10, 'closed', '	   '),
(125, 26, '08:00:00', '2011-07-01', '2011-06-30 00:00:00', 1, 'Epitok', 12, 'captain', 45, 21, 1, 9, 10, 'closed', '	   '),
(126, 27, '08:00:00', '2011-07-08', '2011-07-07 00:00:00', 1, 'Epitok', 12, 'captain', 16, 21, 1, 7, 4, 'closed', '	   '),
(127, 28, '08:00:00', '2011-07-15', '2011-07-14 00:00:00', 1, 'Epitok', 12, 'captain', 21, 16, 1, 8, 13, 'closed', '	   '),
(128, 29, '08:00:00', '2011-07-22', '2011-07-21 00:00:00', 1, 'Epitok', 16, 'weighted', 0, 0, 1, 6, 10, 'closed', '	   '),
(130, 30, '08:00:00', '2011-07-29', '2011-07-28 00:00:00', 1, 'Epitok', 18, 'weighted', 0, 0, 1, 15, 10, 'closed', '	   '),
(131, 31, '08:00:00', '2011-08-05', '2011-08-04 00:00:00', 1, 'Epitok', 14, 'weighted', 0, 0, 1, 10, 10, 'closed', '	   '),
(132, 32, '08:00:00', '2011-08-12', '2011-08-11 00:00:00', 1, 'Eptiok', 12, 'weighted', 0, 0, 1, 3, 5, 'closed', '	   '),
(134, 34, '08:00:00', '2011-08-26', '2011-08-25 00:00:00', 1, 'Epitok', 12, 'weighted', 0, 0, 1, 4, 7, 'closed', '	   '),
(135, 35, '08:00:00', '2011-09-02', '2011-09-01 00:00:00', 1, 'Epitok', 12, 'weighted', 0, 0, 1, 7, 9, 'closed', ''),
(137, 37, '08:00:00', '2011-09-16', '2011-09-15 00:00:00', 1, 'Epitok', 12, 'weighted', 0, 0, 1, 11, 8, 'game', '	   '),
(138, 38, '08:00:00', '2011-09-23', '2011-09-22 00:00:00', 1, 'Epitok', 14, 'weighted', 0, 0, 1, 7, 10, 'closed', '	   '),
(139, 39, '08:00:00', '2011-09-30', '2011-09-29 00:00:00', 1, 'Eptiok', 14, 'weighted', 0, 0, 1, 3, 10, 'closed', '	   '),
(140, 40, '08:00:00', '2011-10-07', '2011-10-06 00:00:00', 1, 'Epitok', 12, 'weighted', 0, 0, 1, 5, 10, 'closed', '	   '),
(141, 41, '08:00:00', '2011-10-14', '2011-10-13 00:00:00', 1, 'Epitok', 12, 'weighted', 0, 0, 1, 5, 8, 'closed', '	   '),
(142, 42, '07:30:00', '2011-10-21', '2011-10-20 00:00:00', 1, 'Epitok', 14, 'weighted', 0, 0, 1, 8, 10, 'closed', '	   '),
(143, 43, '07:30:00', '2011-10-28', '2011-10-27 00:00:00', 1, 'Epitok', 14, 'weighted', 0, 0, 1, 2, 12, 'closed', '	   '),
(144, 44, '07:30:00', '2011-11-04', '2011-11-03 00:00:00', 1, 'Epitok', 14, 'weighted', 0, 0, 0, 0, 0, 'game', '	   '),
(145, 45, '07:30:00', '2011-11-11', '2011-11-10 00:00:00', 1, 'Epitok', 12, 'weighted', 0, 0, 1, 6, 4, 'closed', ''),
(146, 46, '07:30:00', '2011-11-18', '2011-11-17 00:00:00', 1, 'Epitok', 12, 'weighted', 0, 0, 1, 5, 5, 'closed', '	   '),
(147, 47, '07:30:00', '2011-11-25', '2011-11-24 00:00:00', 1, 'Epitok', 12, 'weighted', 0, 0, 1, 3, 7, 'closed', '	   '),
(148, 48, '07:30:00', '2011-12-02', '2011-12-01 00:00:00', 1, 'Epitok', 12, 'weighted', 0, 0, 1, 10, 2, 'closed', '	   '),
(149, 49, '07:30:00', '2011-12-09', '2011-12-08 00:00:00', 1, 'Epitok', 12, 'weighted', 0, 0, 1, 7, 3, 'closed', ''),
(151, 1, '07:30:00', '2012-01-06', '2012-01-05 00:00:00', 1, 'Epitok', 12, 'weighted', 0, 0, 1, 5, 4, 'closed', '	   '),
(152, 2, '07:30:00', '2012-01-13', '2012-01-12 00:00:00', 1, 'Epitok', 12, 'weighted', 0, 0, 1, 6, 8, 'closed', '	   '),
(153, 3, '07:30:00', '2012-01-20', '2012-01-19 00:00:00', 1, 'Epitok', 12, 'weighted', 0, 0, 1, 6, 5, 'closed', '	   '),
(154, 4, '07:30:00', '2012-01-27', '2012-01-26 00:00:00', 1, 'Epitok', 12, 'weighted', 0, 0, 1, 9, 6, 'closed', '	   '),
(155, 5, '07:30:00', '2012-02-03', '2012-02-02 00:00:00', 1, 'Epitok', 12, 'weighted', 0, 0, 1, 2, 1, 'closed', '	   '),
(156, 6, '07:30:00', '2012-02-10', '2012-02-09 00:00:00', 1, 'Epitok', 12, 'weighted', 0, 0, 1, 2, 3, 'closed', '	   '),
(158, 8, '07:30:00', '2012-02-24', '2012-02-23 00:00:00', 1, 'Epitok', 12, 'weighted', 0, 0, 1, 3, 2, 'closed', '	   '),
(159, 9, '07:30:00', '2012-03-02', '2012-03-01 00:00:00', 1, 'Epitok', 12, 'weighted', 0, 0, 1, 4, 10, 'closed', '	   '),
(160, 10, '07:30:00', '2012-03-09', '2012-03-08 00:00:00', 1, 'Epitok', 12, 'weighted', 0, 0, 1, 5, 9, 'closed', '	   '),
(161, 11, '07:30:00', '2012-03-16', '2012-03-15 00:00:00', 1, 'Epitok', 14, 'weighted', 0, 0, 1, 5, 12, 'closed', 'Most bár hosszú \r\nhétvége lesz, de hátha \r\nleszünk annyian hogy \r\nel tudunk menni!   '),
(162, 12, '21:00:00', '2012-03-19', '2012-03-18 00:00:00', 1, 'Epitok', 18, 'weighted', 0, 0, 1, 5, 9, 'closed', '	   '),
(163, 12, '07:30:00', '2012-03-23', '2012-03-22 00:00:00', 1, 'Epitok', 12, 'weighted', 0, 0, 1, 4, 9, 'closed', '	   '),
(164, 13, '21:00:00', '2012-03-26', '2012-03-25 00:00:00', 1, 'Epitok', 16, 'weighted', 0, 0, 1, 6, 11, 'closed', '	   '),
(165, 13, '07:30:00', '2012-03-30', '2012-03-29 00:00:00', 1, 'Eptiok', 12, 'weighted', 0, 0, 1, 4, 4, 'closed', '	   '),
(166, 14, '21:00:00', '2012-04-02', '2012-04-01 00:00:00', 1, 'Eptiok', 14, 'weighted', 0, 0, 1, 4, 12, 'closed', '	   '),
(167, 14, '07:30:00', '2012-04-06', '2012-04-05 00:00:00', 1, 'Epitok', 12, 'weighted', 0, 0, 1, 3, 5, 'closed', '	   '),
(169, 15, '07:30:00', '2012-04-13', '2012-04-12 00:00:00', 1, 'Epitok', 12, 'weighted', 0, 0, 1, 6, 5, 'closed', '	   '),
(172, 17, '07:30:00', '2012-04-27', '2012-04-26 00:00:00', 1, 'Eptiok', 12, 'weighted', 0, 0, 1, 4, 4, 'closed', '	   '),
(171, 16, '07:30:00', '2012-04-20', '2012-04-19 00:00:00', 1, 'Epitok', 12, 'weighted', 0, 0, 1, 6, 9, 'closed', '	   '),
(174, 18, '07:30:00', '2012-05-04', '2012-05-03 00:00:00', 1, 'Epitok', 12, 'weighted', 0, 0, 1, 4, 5, 'closed', '	   '),
(175, 18, '07:30:00', '2012-05-11', '2012-05-10 00:00:00', 1, 'Epitok', 12, 'weighted', 0, 0, 1, 9, 12, 'closed', '	   '),
(176, 20, '07:30:00', '2012-05-18', '2012-05-17 00:00:00', 1, 'Epitok', 12, 'weighted', 0, 0, 1, 12, 6, 'closed', '	   '),
(177, 21, '07:30:00', '2012-05-25', '2012-05-24 00:00:00', 1, 'Epitok', 12, 'weighted', 0, 0, 1, 9, 9, 'closed', '	   '),
(178, 22, '07:30:00', '2012-06-01', '2012-05-31 00:00:00', 1, 'Epitok', 12, 'weighted', 0, 0, 1, 11, 10, 'closed', '	   '),
(179, 23, '07:30:00', '2012-06-08', '2012-06-09 00:00:00', 1, 'Epitok', 12, 'weighted', 0, 0, 1, 10, 10, 'closed', '	   '),
(180, 23, '07:30:00', '2012-06-15', '2012-06-14 00:00:00', 1, 'Epitok', 12, 'weighted', 0, 0, 1, 10, 10, 'closed', '	   '),
(181, 25, '07:30:00', '2012-06-22', '2012-06-21 00:00:00', 1, 'Epitok', 12, 'weighted', 0, 0, 1, 8, 5, 'closed', '	   '),
(182, 26, '07:30:00', '2012-06-29', '2012-06-28 00:00:00', 1, 'Epitok', 12, 'weighted', 0, 0, 1, 4, 8, 'closed', '	   '),
(183, 27, '07:30:00', '2012-07-06', '2012-07-05 00:00:00', 1, 'Epitok', 12, 'weighted', 0, 0, 1, 7, 8, 'closed', '	   '),
(184, 29, '07:30:00', '2012-07-13', '2012-07-12 00:00:00', 1, 'Epitok', 12, 'weighted', 0, 0, 1, 8, 8, 'closed', '	   '),
(185, 28, '07:30:00', '2012-07-20', '2012-07-19 00:00:00', 1, 'Epitok', 12, 'weighted', 0, 0, 1, 6, 9, 'closed', '	   '),
(186, 30, '07:30:00', '2012-07-27', '2012-07-26 00:00:00', 1, 'Epitok', 12, 'weighted', 0, 0, 1, 8, 6, 'closed', '	   '),
(187, 30, '07:30:00', '2012-08-03', '2012-08-02 00:00:00', 1, 'Epitok', 12, 'weighted', 0, 0, 1, 7, 5, 'closed', '	   '),
(189, 33, '07:30:00', '2012-08-17', '2012-08-16 00:00:00', 1, 'Epitok', 12, 'weighted', 0, 0, 1, 1, 1, 'closed', '	   '),
(190, 34, '07:30:00', '2012-08-24', '2012-08-23 00:00:00', 1, 'Eptiok', 12, 'weighted', 0, 0, 1, 6, 4, 'closed', '	   '),
(191, 35, '07:30:00', '2012-08-31', '2012-08-30 00:00:00', 1, 'Epitok', 12, 'weighted', 0, 0, 1, 13, 12, 'closed', '	   '),
(195, 40, '07:30:00', '2012-10-05', '2012-10-04 00:00:00', 1, 'BMESportkozpont', 12, 'weighted', 0, 0, 1, 12, 12, 'closed', '	   '),
(196, 40, '07:30:00', '2012-10-12', '2012-10-11 00:00:00', 1, 'BMESportkozpont', 10, 'weighted', 0, 0, 1, 15, 16, 'closed', '	   '),
(197, 42, '07:30:00', '2012-10-19', '2012-10-18 00:00:00', 1, 'BMESportkozpont', 10, 'weighted', 0, 0, 1, 13, 15, 'closed', '	   '),
(198, 43, '07:30:00', '2012-10-26', '2012-10-25 00:00:00', 1, 'BMESportkozpont', 10, 'weighted', 0, 0, 1, 14, 7, 'closed', '	   '),
(199, 45, '07:30:00', '2012-11-09', '2012-11-08 00:00:00', 1, 'BMESportkozpont', 10, 'weighted', 0, 0, 1, 13, 7, 'closed', '	   '),
(200, 44, '10:00:00', '2012-11-01', '2012-10-31 00:00:00', 2, 'BMESportkozpont', 10, 'random', 0, 0, 0, 0, 0, 'checkin', '	   '),
(201, 45, '10:00:00', '2012-11-11', '2012-11-10 00:00:00', 1, 'BMESportkozpont', 12, 'onfield', 0, 0, 0, 0, 0, 'closed', 'A múltkori, csütörtöki \r\nextra alkalom \r\nsikerességén \r\nfelbuzdulva egy újabb \r\nplusz lehetőség :).'),
(202, 45, '07:30:00', '2012-11-16', '2012-11-15 00:00:00', 1, 'BMESportkozpont', 10, 'weighted', 0, 0, 1, 15, 5, 'closed', '	   '),
(203, 46, '10:00:00', '2012-11-18', '2012-11-17 00:00:00', 2, 'BMESportkozpont', 12, 'random', 0, 0, 0, 0, 0, 'checkin', '	   '),
(204, 47, '07:30:00', '2012-11-23', '2012-11-22 00:00:00', 1, 'BMESportkozpont', 10, 'weighted', 0, 0, 1, 13, 14, 'closed', '	   '),
(205, 47, '10:00:00', '2012-11-24', '2012-11-23 00:00:00', 1, 'BMESportkozpont', 12, 'random', 0, 0, 0, 0, 0, 'checkin', 'A vasárnapi forduló \r\nmiatt szombaton!!!'),
(206, 48, '07:30:00', '2012-11-30', '2012-11-29 00:00:00', 1, 'BMESportkozpont', 10, 'weighted', 0, 0, 1, 17, 13, 'closed', '	   '),
(207, 48, '10:00:00', '2012-12-02', '2012-12-01 00:00:00', 1, 'BMESportkozpont', 12, 'random', 0, 0, 0, 0, 0, 'checkin', '	   '),
(208, 49, '07:30:00', '2012-12-07', '2012-12-06 00:00:00', 1, 'BMESportkozpont', 10, 'weighted', 0, 0, 1, 19, 17, 'closed', '	   '),
(209, 49, '07:30:00', '2012-12-14', '2012-12-13 00:00:00', 1, 'GoldCrown', 10, 'weighted', 0, 0, 1, 22, 27, 'closed', '	   '),
(210, 48, '11:00:00', '2012-12-09', '2012-12-08 00:00:00', 1, 'BMESportkozpont', 14, 'random', 0, 0, 0, 0, 0, 'checkin', '	   '),
(211, 50, '10:00:00', '2012-12-16', '2012-12-15 00:00:00', 1, 'BMESportkozpont', 12, 'random', 0, 0, 1, 22, 27, 'checkin', '	   '),
(212, 52, '07:30:00', '2012-12-28', '2012-12-27 00:00:00', 1, 'BMESportkozpont', 10, 'onfield', 0, 0, 0, 0, 0, 'checkin', '	   '),
(213, 1, '07:30:00', '2013-01-04', '2013-01-03 00:00:00', 1, 'BMESportkozpont', 10, 'weighted', 0, 0, 1, 15, 18, 'closed', '	   '),
(214, 1, '09:00:00', '2013-01-06', '2013-01-05 00:00:00', 2, 'BMESportkozpont', 12, 'random', 0, 0, 0, 0, 0, 'checkin', '	   '),
(215, 2, '07:30:00', '2013-01-11', '2013-01-10 00:00:00', 1, 'BMESportkozpont', 10, 'weighted', 0, 0, 1, 12, 12, 'closed', '	   '),
(216, 3, '07:30:00', '2013-01-18', '2013-01-17 00:00:00', 1, 'BMESportkozpont', 10, 'weighted', 0, 0, 0, 0, 0, 'game', '	   '),
(217, 4, '07:30:00', '2013-01-25', '2013-01-25 00:00:00', 1, 'BMESportkozpont', 10, 'onfield', 0, 0, 0, 0, 0, 'game', '	   '),
(218, 5, '07:30:00', '2013-02-01', '2013-01-31 00:00:00', 1, 'BMESportkozpont', 10, 'onfield', 0, 0, 0, 0, 0, 'game', '	   '),
(219, 6, '07:30:00', '2013-02-08', '2013-02-07 00:00:00', 1, 'BMESportkozpont', 10, 'onfield', 0, 0, 0, 0, 0, 'game', '	   '),
(220, 7, '07:30:00', '2013-02-15', '2013-02-14 00:00:00', 1, 'BMESportkozpont', 10, 'onfield', 0, 0, 0, 0, 0, 'game', '	   '),
(221, 8, '07:25:00', '2013-02-22', '2013-02-21 00:00:00', 1, 'BMESportkozpont', 10, 'weighted', 0, 0, 1, 20, 19, 'closed', 'Korábban kezdünk \r\nkicsit, hogy utánunk \r\njövők ellenére ki \r\ntudjuk tölteni az 1 \r\nórát.'),
(222, 9, '07:25:00', '2013-03-01', '2013-02-28 00:00:00', 1, 'BMESportkozpont', 10, 'onfield', 0, 0, 0, 0, 0, 'game', '	   '),
(223, 10, '07:25:00', '2013-03-08', '2013-03-07 00:00:00', 1, 'BMESportkozpont', 10, 'weighted', 0, 0, 1, 21, 16, 'closed', '	   '),
(224, 12, '07:25:00', '2013-03-22', '2013-03-21 00:00:00', 1, 'BMESportkozpont', 10, 'weighted', 0, 0, 0, 0, 0, 'game', '	   '),
(225, 13, '07:25:00', '2013-03-29', '2013-03-28 00:00:00', 1, 'BMESportkozpont', 10, 'weighted', 0, 0, 0, 21, 20, 'closed', '	   '),
(226, 14, '07:25:00', '2013-04-05', '2013-04-04 00:00:00', 1, 'BMESportkozpont', 10, 'weighted', 0, 0, 0, 0, 0, 'game', '	   '),
(227, 15, '07:25:00', '2013-04-12', '2013-04-11 00:00:00', 1, 'BMESportkozpont', 10, 'weighted', 0, 0, 0, 0, 0, 'game', '	   '),
(228, 16, '07:25:00', '2013-04-19', '2013-04-18 00:00:00', 1, 'BMESportkozpont', 10, 'weighted', 0, 0, 1, 18, 16, 'closed', ''),
(229, 17, '07:25:00', '2013-04-26', '2013-04-25 00:00:00', 1, 'BMESportkozpont', 10, 'weighted', 0, 0, 1, 31, 33, 'closed', '	   '),
(230, 18, '07:25:00', '2013-05-03', '2013-05-02 00:00:00', 1, 'BMESportkozpont', 10, 'weighted', 0, 0, 0, 0, 0, 'game', '	   '),
(231, 19, '07:25:00', '2013-05-10', '2013-05-09 00:00:00', 1, 'BMESportkozpont', 10, 'weighted', 0, 0, 0, 14, 16, 'closed', '	   '),
(232, 20, '07:25:00', '2013-05-17', '2013-05-16 00:00:00', 1, 'BMESportkozpont', 10, 'weighted', 0, 0, 1, 22, 17, 'closed', '	   '),
(233, 21, '07:25:00', '2013-05-24', '2013-05-23 00:00:00', 1, 'BMESportkozpont', 10, 'weighted', 0, 0, 0, 0, 0, 'game', '	   '),
(234, 22, '07:25:00', '2013-05-31', '2013-05-30 00:00:00', 1, 'BMESportkozpont', 10, 'weighted', 0, 0, 1, 20, 22, 'closed', '	   '),
(235, 23, '07:25:00', '2013-06-07', '2013-06-06 00:00:00', 1, 'BMESportkozpont', 10, 'weighted', 0, 0, 0, 0, 0, 'game', '	   '),
(236, 24, '07:25:00', '2013-06-14', '2013-06-13 00:00:00', 1, 'BMESportkozpont', 10, 'onfield', 0, 0, 0, 0, 0, 'game', '	   '),
(237, 25, '07:25:00', '2013-06-21', '2013-06-20 00:00:00', 1, 'BMESportkozpont', 10, 'weighted', 0, 0, 0, 0, 0, 'game', '	   '),
(238, 26, '07:25:00', '2013-06-28', '2013-06-27 00:00:00', 1, 'BMESportkozpont', 12, 'onfield', 0, 0, 1, 18, 19, 'closed', '	   '),
(239, 27, '07:30:00', '2013-07-05', '2013-07-04 00:00:00', 1, 'BMESportkozpont', 12, 'onfield', 0, 0, 0, 0, 0, 'game', 'Másfél órás idősáv \r\nvan lefoglalva.'),
(240, 28, '07:30:00', '2013-07-12', '2013-07-11 00:00:00', 1, 'BMESportkozpont', 12, 'onfield', 0, 0, 0, 0, 0, 'game', '	   '),
(241, 29, '07:30:00', '2013-07-19', '2013-07-18 00:00:00', 1, 'BMESportkozpont', 12, 'weighted', 0, 0, 1, 40, 32, 'closed', ''),
(242, 30, '07:25:00', '2013-07-26', '2013-07-25 00:00:00', 1, 'BMESportkozpont', 12, 'weighted', 0, 0, 1, 23, 22, 'closed', '	   '),
(243, 31, '07:30:00', '2013-08-02', '2013-08-01 00:00:00', 1, 'BMESportkozpont', 12, 'weighted', 0, 0, 1, 25, 27, 'closed', '	   '),
(244, 32, '07:30:00', '2013-08-09', '2013-08-08 00:00:00', 1, 'BMESportkozpont', 12, 'onfield', 0, 0, 0, 0, 0, 'game', '	   '),
(245, 33, '07:30:00', '2013-08-16', '2013-08-15 00:00:00', 1, 'BMESportkozpont', 12, 'weighted', 0, 0, 0, 0, 0, 'game', '	   '),
(246, 34, '07:30:00', '2013-08-23', '2013-08-22 00:00:00', 1, 'BMESportkozpont', 12, 'weighted', 0, 0, 0, 0, 0, 'game', '	   '),
(247, 34, '07:25:00', '2013-08-30', '2013-08-29 00:00:00', 1, 'BMESportkozpont', 12, 'onfield', 0, 0, 0, 0, 0, 'game', '	   '),
(248, 36, '07:30:00', '2013-09-06', '2013-09-05 00:00:00', 1, 'BMESportkozpont', 12, 'weighted', 0, 0, 0, 0, 0, 'game', '	   '),
(249, 37, '07:30:00', '2013-09-13', '2013-09-12 00:00:00', 1, 'BMESportkozpont', 10, 'random', 0, 0, 0, 0, 0, 'checkin', '	   ');

-- --------------------------------------------------------

--
-- Tábla szerkezet: `users`
--

DROP TABLE IF EXISTS `users`;
CREATE TABLE IF NOT EXISTS `users` (
  `id` int(10) unsigned NOT NULL auto_increment,
  `login` text collate latin2_hungarian_ci NOT NULL,
  `nick` text collate latin2_hungarian_ci NOT NULL,
  `password` text collate latin2_hungarian_ci NOT NULL,
  `email` text collate latin2_hungarian_ci NOT NULL,
  `fullname` text collate latin2_hungarian_ci NOT NULL,
  `role` text collate latin2_hungarian_ci NOT NULL,
  PRIMARY KEY  (`id`)
) ENGINE=MyISAM  DEFAULT CHARSET=latin2 COLLATE=latin2_hungarian_ci AUTO_INCREMENT=113 ;

--
-- Tábla adatok: `users`
--

INSERT INTO `users` (`id`, `login`, `nick`, `password`, `email`, `fullname`, `role`) VALUES
(91, 'Pedro', 'Pedro', 'e3402e549237084563e75c1977e4e7b0', 'kremerpeter@gmail.com', 'Krémer Péter', 'super_team_member'),
(2, 'epteflo', 'Füli', 'dda18b69788f309266c81c34bbb77c1b', 'peter.fulop@gmail.com', 'Fülöp Péter', 'admin'),
(14, 'krobesz', 'roberator', '81dc9bdb52d04dc20036dbd8313ed055', 'robert.kantor@ericsson.com', 'Kantor Robert', 'team_member'),
(90, 'masin', 'Másin', '3d5ee59843a46f18f3317665adc694aa', 'tgredbull@vipmail.hu', 'Tóth Gábor', 'team_member'),
(17, 'ethska', 'K. Szabi', '35dce839a0fc927ac79159d76ba13805', 'szabolcs.kosa@ericsson.com', 'Kosa Szabolcs', 'team_member'),
(16, 'ecsagsp', 'ecsagsp', '827ccb0eea8a706c4c34a16891f84e7b', 'ecsagsp@gmail.com', 'Gáspár Csaba', 'extended_away'),
(18, 'boldi', 'Boldi', 'd25ba7b082dd21adfebb72363ad01fca', 'boldizsar.adam@gmail.com', 'Boldizsar Adam', 'team_member'),
(19, 'etienne5', 'Pityu', '542d3c2e6c260ec29da6660925d155fa', 'istvan.koder@gmail.com', 'Kóder István', 'team_member'),
(21, 'epteorb', 'OPeti', 'fc739bfba07b68fba08e0ef461ae9b7b', 'peterorban81@gmail.com', 'Orbán Péter', 'admin'),
(89, 'egbonaf', 'egbonaf', '201016e8206a5f42aa527090511504d5', 'naftzy@gmail.com', 'Gabor Naftz', 'team_member'),
(23, 'kistlaszlo', 'Laci', '4aa1e47e8ee61d722a9d5d30c3c8f9f6', 'kistlaszlo@gmail.com', 'Kis Tóth Laci', 'team_member'),
(88, 'guest6', 'guest6', 'b11f242a93ad61214f1b3d3625056996', 'guest6', 'guest6', 'team_member'),
(43, 'dummy', 'dummy', '275876e34cf609db118f3d84b799a790', 'hidralika@gmail.com', 'dummy', 'team_member'),
(66, 'csikszem', 'adrian', 'e10adc3949ba59abbe56e057f20f883e', 'betonfogsor@gmail.com', 'Kovács Adrián', 'admin'),
(38, 'sztomasz', 'szt', 'd012c5116caa46249926bbf8d7fca31c', 'szalka-tamas@t-online.hu', 'Szálka Tamás', 'team_member'),
(29, 'goodzi', 'goodzi', '7cbb3252ba6b7e9c422fac5334d22054', 'goodzi@gmail.com', 'Bokor László', 'team_member'),
(31, 'KZoli', 'KZoli', 'e32e22e534ce42bf11a9236e34fffbd5', 'zoltan.kanizsai@gmail.com', 'Kanizsai Zoltán', 'team_member'),
(87, 'guest5', 'guest5', '1ba562cc025376a90f12a9ec337cf67a', 'guest5', 'guest5', 'team_member'),
(42, 'eattpst', 'Sajt', '02e4e059ba1955936f8ee41a8ce93475', 'pasti.attila@upcmail.hu', 'Pásti Attila', 'team_member'),
(86, 'guest4', 'guest4', '0c2f95edb0b3757e49dcf01e219914eb', 'guest4', 'guest4', 'team_member'),
(44, 'ethpog', 'Gergo', '9d7db2f384010db4bca312b38d24d4e8', 'polesin@freemail.hu', 'Polesinszky Gergely', 'team_member'),
(45, 'nszabi', 'Dzaaaaabi', 'e802fc8ca8d3ee5f91008d8e1ba5c73f', 'nszabi', 'Novaczki Szabi', 'team_member'),
(65, 'guest1', 'guest1', '15dac3875ad0f994a832043be841dc7e', 'guest1', 'guest1', 'team_member'),
(69, 'guest2', 'guest2', 'c4e799fad53c0dec94d4f201a4dd5e78', 'guest2', 'guest2', 'team_member'),
(85, 'guest3', 'guest3', '800e07f96539ce15ae6bf604dd9cc73f', 'guest3', 'guest3', 'team_member'),
(84, 'ezoltna', 'ezoltna', '203b20a9778e0005e6d85665e3614de1', 'ezoltna@gmail.com', 'ezoltna', 'team_member'),
(52, 'bmiki', 'Mike', 'b885fc5454ad92826e9d64f3dd0d3365', 'miklos.bali@gmail.com', 'Bali Miklós', 'admin'),
(53, 'Szeri', 'Szeri', 'c3e39bf9f009b801037846853bfa9f2c', 'szeri1@freestart.hu', 'Szerencse Balázs', 'team_member'),
(96, 'gaca', 'Gaca', '3e7f294bfe377d2294a88a8f032e4bb4', 'schvarcz_00@hotmail.com', 'Schwarz Gábor', 'team_member'),
(94, 'apappvary', 'Árpi', 'a62d59d9f7a0794eb9caa26b6c1ceb95', 'apappvary@bkf.hu', 'Papp-Váry Árpád', 'team_member'),
(83, 'imre_bodnar', 'Imi a Bodnár', 'f34e082ec6bdde3cd47e7a59a0e5d901', 'imi.bodnar@gmail.com', 'Bodnár Imre', 'team_member'),
(56, 'Pitya', 'Pitya', 'f042de77b4566596ad4e101b84d0d822', 'pesta2@gmail.com', 'Deutschmann', 'team_member'),
(57, 'tromika', 'Tomi', 'a455187613f3a39ea5c6bd17f7856c2f', 'tromika@gmail.com', 'Szuromi Tamás', 'team_member'),
(58, 'GergoToth', 'GergoToth', 'efc847fa5a386a38fcc9d0573bb87272', 'gergo.toth@gmail.com', 'Tóth Gergő', 'team_member'),
(59, 'ethkse', 'Edu', '4787a235f513368c51dd137791e508bb', 'edvard.kovacs@ericsson.com', 'Kovacs Edvard', 'team_member'),
(61, 'zsole', 'zsole', 'fc7829cb458ee94ef13f48515b713b0e', 'freemail_zsole@freemail.hu', 'Amschl Zsolt', 'team_member'),
(62, 'gyuli', 'gyuli', 'bd3b8076511a774b65111242485a929a', 'gyulimuli@freemail.hu', 'Edzőbá', 'super_team_member'),
(64, 'Gábor', 'Gábor', 'd9937775cc729ee85cdcc70da7dad6b1', 'gailles@allianz.hu', 'Illés Gábor', 'extended_away'),
(82, 'andi', 'andi', 'ce0e5bf55e4f71749eade7a8b95c4e46', 'sanity682@gmail.com', 'andi', 'team_member'),
(81, 'zoli', 'zoli', '67baad6d0e5026ceed1b617a08421885', 'zoltan.balazs@dbx.hu', 'Balázs Zoltán', 'team_member'),
(70, 'nejlonkapus', 'NejlonKapus', '7e71e09dac3559b2848e4f7b1415c4e0', 'nejlonkapus', 'Nejlon Kapus', 'team_member'),
(71, 'pintert', 'pinter.tamas', 'e83eb6ccb58e76e6fcb075273ad9db1f', 'pintert.hu@gmail.com', 'Pintér Tamás', 'team_member'),
(72, 'Anna', 'Anna', '97a9d330e236c8d067f01da1894a5438', 'tigri@freemail.hu', 'Zahumenszky Anna', 'extended_away'),
(93, 'Tosa', 'Tosa', '9f91d4e8231529d57922829aaa4c3a9c', 'sandor.toth@ericsson.com', 'Tóth Sándor', 'team_member'),
(80, 'VK', 'Kálmi', '57b2297779c1a89242284af742784118', 'kalman87@vipmail.hu', 'Varga Kálmán', 'team_member'),
(76, 'tothda', 'Dávid', 'efc847fa5a386a38fcc9d0573bb87272', 'tothda@gmail.com', 'Tóth Dávid', 'admin'),
(77, 'kishari', 'kishari', '71d87bc30efda880331183764460162d', 'kishari@gmail.com', 'Harangozó Csaba', 'team_member'),
(78, 'fodor', 'Kristóf', 'd954cdbdfab6e1bb956f6b5064af5f82', 'fodor@etl.hu', 'Fodor Kristóf', 'team_member'),
(79, 'viktor', 'viktor', 'e82b92f511e3c155fa98909217d6d737', 'vsakraf@gmail.com', 'Farkas Viktor', 'team_member'),
(92, 'ficzerepeti', 'da Főnök', '3cb680e7a47da70ca8526b8945ef593a', 'ficzerepeti@gmail.com', 'Ficzere Péter', 'team_member'),
(95, 'Hivesp', 'Hives', '93fe9ee67016a3a3bba750d81106a6cb', 'hivesp@hotmail.com', 'Hives Péter', 'team_member'),
(97, 'Dipzlw', 'Dipzlw', 'b97ec4ee8172795de3ebe02ffa2cbbaf', 'rosemaryfinneysi@gmail.com\r\n', 'Dipzlw', 'team_member'),
(98, 'vinny', 'Pisti', '8d7ccb9a4f605b0cfc4df18f31bf52c8', 'piiisti@freemail.hu', 'Holubkó István', 'team_member'),
(99, 'KalmiTomi', 'KalmiTomi', 'e4f217917cf9a49917956efc641e290b', 'thomas44@freemail.hu', 'Kalmár Tamás', 'team_member'),
(101, 'dina', 'dina', 'da75455208e31fb08cd62dcfda416a95', 'dudics.edina@gmail.com', 'Dudics Edina', 'team_member'),
(100, 'Realfler', 'Realfler', '133d6f681b99ff2a42e8d2268228f6d0', 'realfler@freemail.hu', 'Realfler', 'team_member'),
(102, 'csicsi4', 'Csicsi', '9898b82f0ec31bbfa0b43a0637aa370a', 'nagy.csilla4@gmail.com', 'Nagy Csilla', 'team_member'),
(103, 'bkrisz23', 'Krisz23', 'b734eaeca56b7be5e9c1e13e8d788859', 'bkrisz23@vipmail.hu', 'Bán Krisztián', 'team_member'),
(104, 'atamas', 'Ata', '5eb896f017c31f6e02b8f70afb0800fe', 'tamas.andras77@gmail.com', 'Tamás András', 'team_member'),
(105, 'penzesa', 'Seven', 'bb3aec0fdcdbc2974890f805c585d432', 'penzesa@yahoo.com', 'Pénzes Attila', 'team_member'),
(106, 'sanyi', 'Sanyi', 'f1490774293fb9464f4feb595dfa257b', 'sandor.szekely@dbx.hu', 'Székely Sándor', 'team_member'),
(107, 'Adree', 'Adri', 'c83e0af971863a7417d4d7d0242cc371', 'adrienn.csabai1986@gmail.com', 'Csabai Adrienn', 'team_member'),
(108, 'Emez', 'Emez', 'eb6d80ac1e4a1d06b66297cc769c13cf', 'ebodocs@gmail.com', 'Bodócs Emese', 'team_member'),
(109, 'makaim', 'makaim', 'd56b699830e77ba53855679cb1d252da', 'makaim@gmail.com', 'Makai Márton', 'team_member'),
(110, 'balint', 'balint', '7d8b95256b2ce74a4457feaa4cc20783', 'erdibalint@gmail.com', 'Érdi Bálint', 'team_member'),
(111, 'bencezilahy', 'Bencenév', '36fe8eae5eb02687a6940a0c625e8650', 'bence.zilahy@gmail.com', 'Zilahy Bence', 'team_member'),
(112, 'Barna96', 'Barna', '8d3a45ff0222fdff2d0d4c02aedefb94', 'ajtayb@citromail.hu', 'Ajtay Barnabás', 'team_member');

-- --------------------------------------------------------

--
-- Tábla szerkezet: `users_matches`
--

DROP TABLE IF EXISTS `users_matches`;
CREATE TABLE IF NOT EXISTS `users_matches` (
  `id` int(11) NOT NULL auto_increment,
  `user_id` int(11) NOT NULL default '0',
  `match_id` int(11) NOT NULL default '0',
  `state` text collate latin2_hungarian_ci NOT NULL,
  `score` int(11) default NULL,
  `assist` int(11) default NULL,
  `team` text collate latin2_hungarian_ci NOT NULL,
  `order_in_team` int(11) default NULL,
  PRIMARY KEY  (`id`)
) ENGINE=MyISAM  DEFAULT CHARSET=latin2 COLLATE=latin2_hungarian_ci AUTO_INCREMENT=3988 ;

--
-- Tábla adatok: `users_matches`
--

INSERT INTO `users_matches` (`id`, `user_id`, `match_id`, `state`, `score`, `assist`, `team`, `order_in_team`) VALUES
(125, 21, 28, 'ok', 2, 0, 'A', 3),
(86, 17, 22, 'ok', 4, 0, 'A', 3),
(85, 16, 22, 'ok', 14, 0, 'B', 2),
(643, 14, 64, 'ok', 1, 0, 'A', 3),
(81, 2, 22, 'ok', 15, 0, 'A', 2),
(91, 14, 22, 'ok', 6, 0, 'B', 3),
(98, 19, 22, 'ok', 11, 0, 'A', 1),
(94, 21, 22, 'ok', 11, 0, 'B', 1),
(97, 20, 22, 'nok', 0, 0, '', NULL),
(297, 17, 40, 'ok', 4, 0, 'A', 1),
(104, 23, 22, 'nok', 0, 0, '', NULL),
(110, 17, 28, 'ok', 2, 0, 'B', 1),
(123, 18, 28, 'ok', 0, 0, 'B', 4),
(126, 2, 28, 'ok', 10, 0, 'A', 2),
(138, 14, 28, 'ok', 4, 0, 'A', 4),
(137, 23, 28, 'nok', NULL, NULL, '', NULL),
(132, 19, 28, 'nok', NULL, NULL, '', NULL),
(134, 16, 28, 'ok', 8, 0, 'B', 3),
(642, 21, 64, 'ok', 7, 0, 'A', 2),
(169, 2, 32, 'ok', 13, 0, 'B', 1),
(145, 2, 31, 'ok', 5, 0, 'B', 1),
(146, 16, 31, 'ok', 2, 0, 'B', 2),
(644, 18, 64, 'nok', NULL, NULL, '', NULL),
(149, 17, 31, 'ok', 2, 0, 'B', 4),
(165, 23, 31, 'ok', 5, 0, 'A', 3),
(164, 21, 31, 'nok', NULL, NULL, '', NULL),
(153, 14, 31, 'ok', 4, 0, 'A', 4),
(166, 19, 31, 'ok', 4, 0, 'B', 3),
(295, 2, 40, 'ok', 2, 0, 'B', 2),
(170, 16, 32, 'ok', 10, 0, 'A', 2),
(159, 18, 31, 'nok', NULL, NULL, '', NULL),
(167, 29, 31, 'ok', 4, 0, 'A', 2),
(2179, 81, 159, 'ok', 0, 1, 'B', 6),
(645, 19, 64, 'nok', NULL, NULL, '', NULL),
(171, 14, 32, 'ok', 14, 0, 'A', 3),
(172, 29, 32, 'nok', NULL, NULL, '', NULL),
(173, 19, 32, 'nok', NULL, NULL, '', NULL),
(174, 21, 32, 'ok', 12, 0, 'A', 1),
(640, 2, 64, 'ok', 2, 0, 'B', 1),
(176, 17, 32, 'ok', 5, 0, 'B', 3),
(177, 23, 32, 'nok', NULL, NULL, '', NULL),
(2177, 71, 159, 'ok', 0, 0, 'A', 6),
(203, 2, 33, 'ok', 24, 0, 'A', 2),
(189, 18, 33, 'ok', 7, 0, 'A', 3),
(190, 16, 33, 'ok', 9, 0, 'A', 1),
(1345, 16, 113, 'ok', 0, 0, '', NULL),
(192, 21, 33, 'ok', 10, 0, 'B', 2),
(194, 29, 33, 'nok', NULL, NULL, '', NULL),
(195, 23, 33, 'nok', NULL, NULL, '', NULL),
(2175, 80, 159, 'nok', NULL, NULL, '', NULL),
(197, 17, 33, 'ok', 4, 0, 'B', 3),
(204, 14, 33, 'nok', NULL, NULL, '', NULL),
(202, 19, 33, 'nok', NULL, NULL, '', NULL),
(205, 21, 35, 'ok', 5, 0, 'A', 1),
(206, 21, 34, 'ok', 8, 0, 'A', 3),
(2174, 77, 159, 'ok', 0, 0, 'A', 3),
(2173, 66, 159, 'nok', NULL, NULL, '', NULL),
(209, 2, 34, 'ok', 3, 0, 'A', 2),
(210, 2, 35, 'ok', 5, 0, 'B', 1),
(213, 16, 34, 'ok', 9, 0, 'B', 2),
(214, 16, 35, 'ok', 6, 0, 'B', 2),
(215, 14, 34, 'nok', NULL, NULL, '', NULL),
(216, 14, 35, 'ok', 10, 0, 'A', 3),
(217, 17, 34, 'ok', 3, 0, 'B', 3),
(218, 17, 35, 'ok', 2, 0, 'B', 4),
(2165, 59, 159, 'nok', NULL, NULL, '', NULL),
(221, 18, 34, 'ok', 8, 0, 'B', 1),
(232, 18, 35, 'nok', NULL, NULL, '', NULL),
(223, 19, 34, 'nok', NULL, NULL, '', NULL),
(224, 19, 35, 'ok', 2, 0, 'B', 3),
(379, 38, 46, 'ok', 3, 0, 'B', 3),
(227, 23, 35, 'nok', NULL, NULL, '', NULL),
(228, 23, 34, 'nok', NULL, NULL, '', NULL),
(385, 17, 47, 'ok', 0, 0, 'A', 5),
(657, 42, 64, 'ok', 1, 0, 'A', 5),
(386, 19, 47, 'ok', 0, 0, 'A', 1),
(654, 38, 64, 'nok', NULL, NULL, '', NULL),
(237, 21, 36, 'nok', NULL, NULL, '', NULL),
(236, 14, 36, 'ok', 10, 0, 'A', 1),
(285, 2, 38, 'ok', 5, 0, 'A', 4),
(284, 18, 38, 'ok', 8, 0, 'A', 1),
(2172, 64, 159, 'ok', 3, 1, 'B', 4),
(282, 29, 38, 'nok', NULL, NULL, '', NULL),
(244, 16, 36, 'ok', 11, 0, 'B', 2),
(245, 17, 36, 'ok', 3, 0, 'A', 4),
(270, 23, 36, 'nok', NULL, NULL, '', NULL),
(293, 23, 38, 'ok', 1, 0, 'B', 3),
(249, 29, 36, 'ok', 17, 0, 'A', 2),
(279, 21, 38, 'nok', NULL, NULL, '', NULL),
(292, 16, 38, 'ok', 6, 0, 'B', 1),
(384, 2, 47, 'ok', 3, 0, 'A', 2),
(257, 18, 36, 'ok', 5, 0, 'B', 3),
(271, 19, 36, 'nok', NULL, NULL, '', NULL),
(291, 31, 38, 'ok', 1, 0, 'A', 2),
(2178, 16, 159, 'nok', NULL, NULL, '', NULL),
(294, 19, 38, 'ok', 10, 0, 'B', 4),
(264, 2, 36, 'ok', 12, 0, 'A', 3),
(653, 17, 64, 'ok', 0, 0, 'A', 4),
(267, 31, 36, 'ok', 0, 0, 'B', 4),
(652, 16, 64, 'ok', 2, 0, 'B', 2),
(2247, 88, 161, 'ok', NULL, NULL, 'B', 6),
(289, 14, 38, 'ok', 4, 0, 'A', 3),
(2246, 87, 161, 'ok', NULL, NULL, 'A', 6),
(300, 31, 40, 'ok', 1, 0, 'B', 4),
(302, 16, 40, 'ok', 4, 0, 'A', 2),
(303, 14, 40, 'ok', 11, 0, 'A', 3),
(2200, 62, 161, 'ok', 3, 0, 'A', 1),
(304, 21, 40, 'ok', 4, 0, 'B', 1),
(305, 18, 40, 'ok', 2, 0, 'A', 4),
(306, 19, 40, 'nok', NULL, NULL, '', NULL),
(307, 23, 40, 'nok', NULL, NULL, '', NULL),
(308, 29, 40, 'nok', NULL, NULL, '', NULL),
(2245, 86, 161, 'ok', NULL, NULL, 'B', 7),
(647, 29, 64, 'nok', NULL, NULL, '', NULL),
(2176, 44, 159, 'nok', NULL, NULL, '', NULL),
(2169, 14, 159, 'ok', 2, 1, 'A', 2),
(327, 16, 42, 'nok', NULL, NULL, '', NULL),
(314, 2, 42, 'ok', 4, 0, 'B', 1),
(315, 21, 42, 'ok', 5, 0, 'A', 1),
(316, 14, 42, 'ok', 5, 0, 'B', 2),
(325, 29, 42, 'nok', NULL, NULL, '', NULL),
(324, 19, 42, 'nok', NULL, NULL, '', NULL),
(319, 18, 42, 'ok', 1, 0, 'A', 4),
(320, 23, 42, 'ok', 2, 0, 'A', 3),
(322, 31, 42, 'ok', 0, 0, 'B', 5),
(323, 17, 42, 'ok', 2, 0, 'B', 3),
(2164, 56, 159, 'nok', NULL, NULL, '', NULL),
(1376, 18, 113, 'nok', NULL, NULL, '', NULL),
(329, 2, 44, 'ok', 6, 0, 'B', 2),
(330, 31, 44, 'ok', 2, 0, 'B', 4),
(331, 21, 44, 'ok', 8, 0, 'A', 2),
(332, 14, 44, 'ok', 3, 0, 'B', 1),
(333, 23, 44, 'nok', NULL, NULL, '', NULL),
(2168, 72, 159, 'nok', NULL, NULL, '', NULL),
(335, 17, 44, 'ok', 1, 0, 'A', 4),
(336, 29, 44, 'nok', NULL, NULL, '', NULL),
(337, 19, 44, 'nok', NULL, NULL, '', NULL),
(2244, 85, 161, 'ok', NULL, NULL, 'A', 7),
(340, 16, 44, 'ok', 4, 0, 'A', 1),
(382, 16, 47, 'ok', 2, 0, 'A', 3),
(342, 18, 44, 'nok', NULL, NULL, '', NULL),
(2202, 52, 161, 'nok', NULL, NULL, '', NULL),
(344, 14, 45, 'ok', 3, 0, 'B', 4),
(2167, 76, 159, 'ok', 0, 0, 'B', 5),
(347, 2, 45, 'ok', 3, 0, 'B', 5),
(348, 21, 45, 'ok', 10, 0, 'B', 3),
(2243, 69, 161, 'ok', NULL, NULL, 'A', 3),
(350, 17, 45, 'ok', 2, 0, 'B', 1),
(351, 31, 45, 'ok', 0, 0, 'A', 5),
(2209, 45, 161, 'nok', NULL, NULL, '', NULL),
(353, 19, 45, 'ok', 5, 0, 'A', 3),
(354, 16, 45, 'ok', 3, 0, 'B', 2),
(355, 18, 45, 'nok', NULL, NULL, '', NULL),
(356, 29, 45, 'nok', NULL, NULL, '', NULL),
(360, 23, 45, 'ok', 1, 0, 'A', 1),
(2163, 62, 159, 'ok', 4, 3, 'B', 2),
(362, 2, 46, 'ok', 4, 0, 'B', 1),
(376, 21, 46, 'nok', NULL, NULL, '', NULL),
(364, 16, 46, 'ok', 2, 0, 'B', 2),
(365, 14, 46, 'ok', 2, 0, 'A', 4),
(367, 17, 46, 'ok', 1, 0, 'B', 4),
(368, 31, 46, 'ok', 0, 0, 'A', 5),
(2242, 76, 162, 'ok', 1, 0, 'B', 4),
(370, 19, 46, 'nok', NULL, NULL, '', NULL),
(371, 18, 46, 'nok', NULL, NULL, '', NULL),
(2201, 21, 161, 'nok', NULL, NULL, '', NULL),
(374, 23, 46, 'nok', NULL, NULL, '', NULL),
(375, 29, 46, 'nok', NULL, NULL, '', NULL),
(2162, 52, 159, 'ok', 0, 0, 'A', 5),
(398, 21, 47, 'nok', NULL, NULL, '', NULL),
(388, 18, 47, 'nok', NULL, NULL, '', NULL),
(389, 29, 47, 'nok', NULL, NULL, '', NULL),
(390, 31, 47, 'ok', 0, 0, 'B', 5),
(2196, 2, 161, 'ok', 3, 2, 'B', 1),
(394, 14, 47, 'ok', 2, 0, 'B', 1),
(2241, 18, 161, 'nok', NULL, NULL, '', NULL),
(396, 23, 47, 'ok', 3, 0, 'A', 4),
(399, 38, 47, 'ok', 1, 0, 'B', 3),
(2161, 45, 159, 'ok', 1, 0, 'A', 4),
(621, 23, 62, 'nok', NULL, NULL, '', NULL),
(2166, 53, 159, 'ok', 1, 0, 'B', 3),
(420, 23, 48, 'ok', 15, 0, 'B', 3),
(405, 18, 48, 'nok', NULL, NULL, '', NULL),
(406, 16, 48, 'nok', NULL, NULL, '', NULL),
(407, 21, 48, 'nok', NULL, NULL, '', NULL),
(409, 17, 48, 'ok', 6, 0, 'B', 2),
(410, 31, 48, 'ok', 5, 0, 'B', 1),
(411, 29, 48, 'nok', NULL, NULL, '', NULL),
(413, 2, 48, 'ok', 0, 0, '', NULL),
(414, 14, 48, 'nok', NULL, NULL, '', NULL),
(415, 38, 48, 'nok', NULL, NULL, '', NULL),
(416, 19, 48, 'nok', NULL, NULL, '', NULL),
(2276, 21, 164, 'nok', NULL, NULL, '', NULL),
(1348, 2, 113, 'nok', NULL, NULL, '', NULL),
(2260, 90, 162, 'ok', 2, 2, 'B', 6),
(2160, 21, 159, 'ok', 1, 1, 'A', 1),
(1349, 2, 114, 'ok', 4, 0, 'B', 2),
(424, 23, 49, 'ok', 2, 0, 'B', 3),
(425, 29, 49, 'ok', 2, 0, 'A', 4),
(426, 18, 49, 'nok', NULL, NULL, '', NULL),
(427, 16, 49, 'ok', 1, 0, 'A', 2),
(428, 31, 49, 'ok', 0, 0, 'B', 5),
(429, 2, 49, 'ok', 0, 0, '', NULL),
(430, 14, 49, 'nok', NULL, NULL, '', NULL),
(431, 21, 49, 'ok', 4, 0, 'B', 1),
(2159, 2, 159, 'ok', 2, 3, 'B', 1),
(435, 19, 49, 'nok', NULL, NULL, '', NULL),
(437, 17, 49, 'ok', 1, 0, 'A', 1),
(2259, 71, 162, 'nok', NULL, NULL, '', NULL),
(2239, 31, 161, 'nok', NULL, NULL, '', NULL),
(616, 38, 62, 'ok', 5, 0, 'B', 4),
(440, 18, 50, 'ok', 3, 0, 'A', 5),
(441, 21, 50, 'ok', 0, 0, 'B', 3),
(443, 2, 50, 'ok', 5, 0, 'B', 2),
(445, 38, 50, 'ok', 3, 0, 'A', 3),
(447, 19, 50, 'ok', 1, 0, 'A', 4),
(448, 31, 50, 'ok', 0, 0, 'B', 5),
(449, 16, 50, 'ok', 1, 0, 'A', 2),
(450, 14, 50, 'ok', 4, 0, 'A', 1),
(2238, 72, 161, 'nok', NULL, NULL, '', NULL),
(615, 16, 62, 'ok', 3, 0, 'A', 2),
(614, 14, 62, 'ok', 4, 0, 'B', 1),
(453, 2, 51, 'ok', 3, 0, 'A', 2),
(472, 21, 51, 'ok', 0, 0, 'B', 2),
(455, 14, 51, 'ok', 3, 0, 'B', 1),
(456, 18, 51, 'ok', 1, 0, 'B', 3),
(457, 23, 51, 'nok', NULL, NULL, '', NULL),
(458, 19, 51, 'nok', NULL, NULL, '', NULL),
(2237, 79, 161, 'nok', NULL, NULL, '', NULL),
(460, 17, 51, 'nok', NULL, NULL, '', NULL),
(463, 16, 51, 'nok', NULL, NULL, '', NULL),
(464, 31, 51, 'ok', 0, 0, 'A', 5),
(465, 29, 51, 'ok', 4, 0, 'A', 1),
(466, 38, 51, 'ok', 1, 0, 'A', 4),
(613, 17, 62, 'nok', NULL, NULL, '', NULL),
(473, 2, 52, 'ok', 4, 0, 'A', 2),
(474, 14, 52, 'ok', 3, 0, 'B', 1),
(2236, 53, 161, 'ok', 1, 1, 'B', 2),
(476, 19, 52, 'ok', 1, 0, 'B', 4),
(478, 31, 52, 'nok', NULL, NULL, '', NULL),
(479, 21, 52, 'ok', 2, 0, 'A', 3),
(480, 38, 52, 'ok', 2, 0, 'A', 5),
(481, 23, 52, 'nok', NULL, NULL, '', NULL),
(483, 29, 52, 'ok', 3, 0, 'A', 1),
(612, 19, 62, 'ok', 7, 0, 'A', 3),
(611, 31, 62, 'ok', 1, 0, 'A', 4),
(487, 18, 52, 'nok', NULL, NULL, '', NULL),
(486, 16, 52, 'ok', 0, 0, 'B', 2),
(622, 29, 62, 'nok', NULL, NULL, '', NULL),
(492, 2, 55, 'ok', 3, 0, 'A', 1),
(494, 19, 55, 'nok', NULL, NULL, '', NULL),
(505, 29, 55, 'nok', NULL, NULL, '', NULL),
(496, 14, 55, 'ok', 1, 0, 'B', 1),
(2235, 64, 162, 'ok', 1, 0, 'A', 3),
(499, 21, 55, 'ok', 6, 0, 'A', 2),
(500, 18, 55, 'ok', 5, 0, 'A', 4),
(501, 23, 55, 'nok', NULL, NULL, '', NULL),
(502, 17, 55, 'ok', 2, 0, 'B', 4),
(503, 16, 55, 'ok', 4, 0, 'B', 2),
(507, 38, 55, 'nok', NULL, NULL, '', NULL),
(1579, 29, 126, 'nok', NULL, NULL, '', NULL),
(509, 2, 56, 'ok', 4, 0, 'A', 2),
(511, 17, 56, 'ok', 0, 0, 'B', 4),
(512, 21, 56, 'ok', 3, 0, 'B', 2),
(2234, 84, 162, 'ok', 1, 1, 'A', 6),
(514, 18, 56, 'ok', 1, 0, 'B', 3),
(515, 23, 56, 'nok', NULL, NULL, '', NULL),
(1341, 29, 112, 'nok', NULL, NULL, '', NULL),
(517, 29, 56, 'ok', 2, 0, 'B', 1),
(518, 19, 56, 'nok', NULL, NULL, '', NULL),
(2158, 80, 158, 'ok', 2, 0, 'A', 2),
(520, 38, 56, 'nok', NULL, NULL, '', NULL),
(521, 16, 56, 'ok', 2, 0, 'A', 3),
(527, 14, 56, 'nok', NULL, NULL, '', NULL),
(523, 31, 56, 'ok', 1, 0, 'A', 5),
(528, 2, 57, 'ok', 7, 0, 'A', 1),
(618, 21, 62, 'nok', NULL, NULL, '', NULL),
(543, 21, 57, 'nok', NULL, NULL, '', NULL),
(541, 18, 57, 'nok', NULL, NULL, '', NULL),
(532, 31, 57, 'ok', 0, 0, 'A', 5),
(1340, 31, 112, 'nok', NULL, NULL, '', NULL),
(533, 29, 57, 'ok', 6, 0, 'B', 2),
(2156, 44, 158, 'ok', 5, 2, 'B', 2),
(535, 16, 57, 'nok', NULL, NULL, '', NULL),
(536, 14, 57, 'ok', 1, 0, 'B', 1),
(2233, 58, 162, 'ok', 1, 0, 'B', 3),
(538, 17, 57, 'ok', 1, 0, 'B', 4),
(1342, 17, 112, 'nok', NULL, NULL, '', NULL),
(542, 19, 57, 'nok', NULL, NULL, 'A', 2),
(544, 23, 57, 'nok', NULL, NULL, '', NULL),
(2258, 66, 163, 'ok', 1, 0, 'B', 5),
(547, 2, 58, 'ok', 2, 0, 'B', 1),
(607, 18, 62, 'ok', 3, 0, 'B', 2),
(549, 29, 58, 'ok', 1, 0, 'A', 2),
(551, 38, 58, 'ok', 0, 0, 'A', 5),
(552, 14, 58, 'ok', 0, 0, 'B', 2),
(553, 23, 58, 'nok', NULL, NULL, '', NULL),
(2256, 59, 163, 'ok', 0, 1, 'A', 4),
(555, 21, 58, 'ok', 2, 0, 'B', 3),
(562, 31, 58, 'nok', NULL, NULL, '', NULL),
(557, 19, 58, 'nok', NULL, NULL, '', NULL),
(558, 17, 58, 'nok', NULL, NULL, '', NULL),
(2155, 53, 158, 'ok', 0, 0, 'A', 3),
(561, 16, 58, 'ok', 1, 0, 'A', 3),
(563, 18, 58, 'nok', NULL, NULL, '', NULL),
(2230, 82, 161, 'nok', NULL, NULL, '', NULL),
(1338, 44, 112, 'ok', 0, 0, 'A', 3),
(606, 2, 62, 'ok', 4, 0, 'A', 1),
(2195, 16, 160, 'ok', 1, 1, 'A', 3),
(673, 29, 65, 'nok', NULL, NULL, '', NULL),
(672, 19, 65, 'nok', NULL, NULL, '', NULL),
(671, 42, 65, 'ok', 3, 0, 'A', 5),
(2255, 64, 163, 'ok', 1, 1, 'B', 3),
(668, 14, 65, 'ok', 2, 0, 'A', 3),
(2229, 82, 162, 'nok', NULL, NULL, '', NULL),
(666, 23, 65, 'nok', NULL, NULL, '', NULL),
(664, 31, 65, 'ok', 1, 0, 'B', 5),
(662, 21, 65, 'ok', 8, 0, 'A', 2),
(661, 18, 65, 'ok', 7, 0, 'B', 3),
(665, 17, 65, 'ok', 1, 0, 'A', 4),
(669, 16, 65, 'ok', 2, 0, 'B', 2),
(660, 2, 65, 'ok', 4, 0, 'B', 1),
(689, 2, 66, 'ok', 0, 0, '', NULL),
(677, 18, 66, 'ok', 6, 0, 'A', 3),
(678, 21, 66, 'ok', 2, 0, 'B', 1),
(679, 19, 66, 'nok', NULL, NULL, '', NULL),
(680, 16, 66, 'ok', 0, 0, 'B', 2),
(681, 14, 66, 'ok', 0, 0, 'A', 2),
(682, 23, 66, 'nok', NULL, NULL, '', NULL),
(683, 29, 66, 'nok', NULL, NULL, '', NULL),
(684, 31, 66, 'ok', 2, 0, 'A', 4),
(685, 42, 66, 'ok', 1, 0, 'A', 1),
(2193, 59, 160, 'ok', 0, 2, 'A', 5),
(688, 17, 66, 'nok', NULL, NULL, '', NULL),
(2254, 84, 163, 'nok', NULL, NULL, '', NULL),
(692, 2, 67, 'ok', 0, 0, 'B', 1),
(693, 21, 67, 'ok', 4, 0, 'A', 2),
(1336, 14, 112, 'ok', 0, 0, 'B', 2),
(696, 19, 67, 'nok', NULL, NULL, '', NULL),
(2228, 16, 162, 'nok', NULL, NULL, '', NULL),
(698, 14, 67, 'ok', 2, 0, 'B', 2),
(699, 23, 67, 'nok', NULL, NULL, '', NULL),
(700, 18, 67, 'ok', 3, 0, 'B', 3),
(2192, 81, 160, 'ok', 0, 0, 'A', 1),
(702, 17, 67, 'ok', 0, 0, 'B', 4),
(703, 29, 67, 'nok', NULL, NULL, '', NULL),
(704, 16, 67, 'ok', 1, 0, 'A', 3),
(2253, 72, 163, 'nok', NULL, NULL, '', NULL),
(706, 42, 67, 'ok', 0, 0, 'A', 4),
(715, 2, 68, 'ok', 0, 0, '', NULL),
(708, 21, 68, 'ok', 4, 0, 'B', 1),
(709, 23, 68, 'nok', NULL, NULL, '', NULL),
(2252, 62, 163, 'ok', 0, 2, 'A', 2),
(711, 18, 68, 'ok', 3, 0, 'A', 3),
(712, 16, 68, 'ok', 1, 0, 'A', 2),
(713, 14, 68, 'ok', 1, 0, 'B', 2),
(714, 38, 68, 'ok', 3, 0, 'B', 5),
(2227, 16, 161, 'nok', NULL, NULL, '', NULL),
(1337, 42, 112, 'ok', 0, 0, 'B', 4),
(1335, 21, 112, 'ok', 0, 0, 'B', 1),
(2191, 76, 160, 'ok', 1, 1, 'B', 5),
(718, 29, 68, 'nok', NULL, NULL, '', NULL),
(719, 17, 68, 'ok', 0, 0, 'B', 3),
(720, 31, 68, 'ok', 0, 0, 'A', 5),
(722, 42, 68, 'ok', 4, 0, 'B', 4),
(1334, 18, 112, 'ok', 0, 0, 'A', 4),
(732, 2, 69, 'ok', 0, 0, '', NULL),
(725, 18, 69, 'ok', 5, 0, 'A', 3),
(726, 21, 69, 'ok', 5, 0, 'B', 1),
(727, 38, 69, 'ok', 3, 0, 'B', 5),
(728, 17, 69, 'ok', 0, 0, 'B', 3),
(729, 14, 69, 'ok', 0, 0, 'B', 2),
(2226, 56, 162, 'nok', NULL, NULL, '', NULL),
(1332, 2, 112, 'ok', 0, 0, 'B', 3),
(733, 29, 69, 'nok', NULL, NULL, '', NULL),
(734, 16, 69, 'ok', 2, 0, 'A', 2),
(2251, 52, 163, 'ok', 0, 1, 'B', 6),
(736, 31, 69, 'ok', 1, 0, 'A', 5),
(737, 42, 69, 'ok', 3, 0, 'B', 4),
(1333, 16, 112, 'ok', 0, 0, 'A', 2),
(2190, 14, 160, 'ok', 2, 1, 'B', 3),
(766, 29, 71, 'nok', NULL, NULL, '', NULL),
(765, 17, 71, 'ok', 4, 0, 'B', 2),
(764, 31, 71, 'ok', 0, 0, 'A', 4),
(763, 42, 71, 'ok', 9, 0, 'B', 3),
(2225, 56, 161, 'nok', NULL, NULL, '', NULL),
(761, 38, 71, 'ok', 4, 0, 'B', 4),
(760, 14, 71, 'ok', 3, 0, 'B', 1),
(770, 21, 71, 'nok', NULL, NULL, '', NULL),
(758, 18, 71, 'ok', 3, 0, 'A', 2),
(771, 2, 71, 'ok', 0, 0, '', NULL),
(774, 2, 72, 'ok', 3, 0, 'B', 1),
(775, 18, 72, 'ok', 1, 0, 'B', 4),
(776, 21, 72, 'ok', 4, 0, 'A', 2),
(2264, 45, 163, 'nok', NULL, NULL, '', NULL),
(2231, 58, 161, 'nok', NULL, NULL, '', NULL),
(779, 38, 72, 'ok', 3, 0, 'B', 5),
(780, 17, 72, 'ok', 3, 0, 'A', 4),
(781, 14, 72, 'ok', 1, 0, 'A', 3),
(782, 42, 72, 'ok', 4, 0, 'B', 3),
(783, 31, 72, 'ok', 1, 0, 'A', 5),
(784, 29, 72, 'nok', NULL, NULL, '', NULL),
(785, 16, 72, 'ok', 2, 0, 'B', 2),
(802, 2, 73, 'ok', 0, 0, '', NULL),
(787, 18, 73, 'ok', 5, 0, 'B', 3),
(788, 21, 73, 'ok', 11, 0, 'A', 1),
(789, 42, 73, 'ok', 6, 0, 'B', 2),
(790, 38, 73, 'ok', 5, 0, 'A', 3),
(2223, 65, 161, 'ok', NULL, NULL, 'B', 3),
(792, 16, 73, 'ok', 4, 0, 'A', 2),
(793, 31, 73, 'ok', 0, 0, 'A', 4),
(2249, 21, 163, 'ok', 2, 0, 'A', 1),
(795, 14, 73, 'ok', 4, 0, 'B', 1),
(803, 17, 73, 'nok', NULL, NULL, '', NULL),
(797, 29, 73, 'nok', NULL, NULL, '', NULL),
(2189, 72, 160, 'nok', NULL, NULL, '', NULL),
(804, 2, 74, 'ok', 6, 0, 'B', 1),
(805, 18, 74, 'ok', 3, 0, 'A', 3),
(807, 21, 74, 'nok', NULL, NULL, '', NULL),
(808, 19, 74, 'ok', 6, 0, 'B', 3),
(2248, 2, 163, 'ok', 3, 3, 'B', 1),
(810, 42, 74, 'nok', NULL, NULL, '', NULL),
(811, 16, 74, 'ok', 2, 0, 'A', 2),
(812, 38, 74, 'ok', 0, 0, 'A', 4),
(2221, 66, 162, 'nok', NULL, NULL, '', NULL),
(814, 14, 74, 'ok', 0, 0, 'B', 2),
(815, 17, 74, 'ok', 2, 0, 'B', 4),
(816, 29, 74, 'nok', NULL, NULL, '', NULL),
(2188, 77, 160, 'ok', 0, 0, 'A', 6),
(845, 29, 76, 'nok', NULL, NULL, '', NULL),
(847, 2, 76, 'ok', 8, 0, 'A', 2),
(2220, 66, 161, 'nok', NULL, NULL, '', NULL),
(2187, 53, 160, 'ok', 1, 1, 'B', 4),
(841, 17, 76, 'nok', NULL, NULL, '', NULL),
(840, 14, 76, 'ok', 0, 0, 'B', 2),
(839, 16, 76, 'ok', 8, 0, 'B', 3),
(838, 19, 76, 'ok', 6, 0, 'B', 4),
(835, 42, 76, 'ok', 6, 0, 'A', 3),
(834, 21, 76, 'ok', 11, 0, 'B', 1),
(836, 18, 76, 'nok', NULL, NULL, '', NULL),
(876, 19, 78, 'ok', 4, 0, 'B', 3),
(867, 16, 78, 'ok', 0, 0, 'B', 2),
(866, 29, 78, 'nok', NULL, NULL, '', NULL),
(864, 14, 78, 'ok', 0, 0, 'A', 3),
(863, 42, 78, 'nok', NULL, NULL, '', NULL),
(862, 21, 78, 'ok', 4, 0, 'B', 1),
(875, 18, 78, 'nok', NULL, NULL, '', NULL),
(874, 2, 78, 'ok', 10, 0, 'A', 2),
(870, 31, 78, 'ok', 2, 0, 'A', 5),
(873, 17, 78, 'ok', 0, 0, 'A', 4),
(877, 23, 78, 'ok', 0, 0, 'B', 4),
(924, 16, 82, 'ok', 5, 0, 'A', 2),
(2186, 64, 160, 'ok', 1, 0, 'A', 4),
(926, 23, 82, 'ok', 6, 0, 'A', 3),
(2185, 66, 160, 'nok', NULL, NULL, '', NULL),
(919, 17, 82, 'ok', 1, 0, 'B', 4),
(918, 29, 82, 'nok', NULL, NULL, '', NULL),
(917, 19, 82, 'nok', NULL, NULL, '', NULL),
(916, 42, 82, 'ok', 4, 0, 'B', 2),
(915, 21, 82, 'ok', 9, 0, 'A', 1),
(914, 18, 82, 'ok', 0, 0, 'B', 3),
(913, 2, 82, 'ok', 0, 0, 'B', 1),
(992, 16, 88, 'nok', NULL, NULL, '', NULL),
(927, 2, 82, 'ok', 10, 0, '', NULL),
(928, 18, 82, 'ok', 0, 0, '', NULL),
(929, 21, 82, 'ok', 0, 0, '', NULL),
(998, 45, 88, 'ok', 0, 0, 'B', 5),
(991, 38, 88, 'ok', 3, 0, 'B', 4),
(997, 23, 88, 'ok', 4, 0, 'B', 3),
(996, 44, 88, 'ok', 2, 0, 'A', 5),
(990, 31, 88, 'ok', 2, 0, 'A', 4),
(995, 17, 88, 'nok', NULL, NULL, '', NULL),
(2219, 80, 162, 'ok', 1, 0, 'A', 1),
(988, 29, 88, 'nok', NULL, NULL, '', NULL),
(987, 42, 88, 'ok', 6, 0, 'A', 3),
(986, 14, 88, 'ok', 3, 0, 'B', 2),
(985, 21, 88, 'ok', 4, 0, 'B', 1),
(993, 18, 88, 'nok', NULL, NULL, '', NULL),
(983, 2, 88, 'ok', 3, 0, 'A', 2),
(1054, 23, 92, 'ok', 4, 0, 'B', 3),
(1053, 17, 92, 'ok', 0, 0, 'A', 4),
(1052, 14, 92, 'ok', 3, 0, 'A', 3),
(2218, 18, 162, 'nok', NULL, NULL, '', NULL),
(1050, 29, 92, 'ok', 3, 0, 'B', 1),
(1049, 31, 92, 'ok', 0, 0, 'A', 5),
(1048, 16, 92, 'ok', 4, 0, 'B', 2),
(1046, 21, 92, 'ok', 4, 0, 'A', 1),
(1045, 18, 92, 'ok', 4, 0, 'B', 4),
(1044, 2, 92, 'ok', 4, 0, 'A', 2),
(1067, 2, 93, 'ok', 0, 0, '', NULL),
(1056, 18, 93, 'ok', 3, 0, 'B', 4),
(1057, 21, 93, 'ok', 7, 0, 'A', 1),
(1058, 42, 93, 'ok', 2, 0, 'B', 3),
(1059, 14, 93, 'ok', 2, 0, 'B', 2),
(1060, 17, 93, 'ok', 4, 0, 'A', 4),
(1061, 16, 93, 'ok', 3, 0, 'A', 2),
(2217, 29, 161, 'nok', NULL, NULL, '', NULL),
(1063, 29, 93, 'ok', 4, 0, 'B', 1),
(2184, 62, 160, 'ok', 2, 1, 'A', 2),
(1065, 31, 93, 'nok', NULL, NULL, '', NULL),
(1066, 23, 93, 'ok', 6, 0, 'A', 3),
(1080, 2, 94, 'ok', 0, 0, '', NULL),
(1078, 18, 94, 'nok', NULL, NULL, '', NULL),
(1070, 21, 94, 'ok', 4, 0, 'A', 1),
(1071, 17, 94, 'ok', 3, 0, 'A', 3),
(1072, 42, 94, 'ok', 2, 0, 'B', 3),
(1073, 29, 94, 'ok', 4, 0, 'B', 1),
(1074, 31, 94, 'ok', 3, 0, 'A', 4),
(1075, 14, 94, 'ok', 2, 0, 'B', 2),
(1076, 44, 94, 'ok', 2, 0, 'B', 4),
(2183, 52, 160, 'ok', 0, 0, 'B', 6),
(1079, 16, 94, 'ok', 3, 0, 'A', 2),
(2216, 53, 162, 'ok', 0, 1, 'B', 2),
(1082, 23, 94, 'nok', NULL, NULL, '', NULL),
(1083, 2, 95, 'ok', 0, 0, 'B', 1),
(1084, 18, 95, 'ok', 4, 0, 'A', 4),
(1085, 21, 95, 'ok', 2, 0, 'A', 1),
(1086, 29, 95, 'ok', 5, 0, 'B', 2),
(1087, 17, 95, 'ok', 1, 0, 'B', 4),
(1088, 31, 95, 'ok', 0, 0, 'A', 5),
(1089, 42, 95, 'ok', 2, 0, 'B', 3),
(2215, 62, 162, 'ok', 0, 2, 'A', 2),
(1091, 14, 95, 'ok', 0, 0, 'A', 3),
(2194, 45, 160, 'nok', NULL, NULL, '', NULL),
(1094, 44, 95, 'ok', 0, 0, 'B', 5),
(1095, 16, 95, 'ok', 1, 0, 'A', 2),
(1096, 2, 96, 'ok', 0, 0, 'A', 2),
(1097, 18, 96, 'ok', 2, 0, 'B', 5),
(1098, 21, 96, 'ok', 8, 0, 'B', 1),
(1099, 29, 96, 'ok', 7, 0, 'A', 3),
(1100, 17, 96, 'ok', 0, 0, 'A', 4),
(1101, 16, 96, 'ok', 1, 0, 'B', 2),
(1102, 42, 96, 'nok', NULL, NULL, '', NULL),
(1103, 14, 96, 'ok', 0, 0, 'B', 4),
(1104, 31, 96, 'nok', NULL, NULL, '', NULL),
(2214, 52, 162, 'ok', 0, 0, 'A', 5),
(1106, 44, 96, 'ok', 3, 0, 'A', 5),
(2181, 21, 160, 'ok', 2, 2, 'B', 1),
(1108, 23, 96, 'ok', 6, 0, 'B', 3),
(2213, 45, 162, 'ok', 1, 0, 'A', 4),
(1139, 42, 98, 'ok', 1, 0, 'B', 3),
(1135, 31, 98, 'ok', 0, 0, 'A', 5),
(1134, 19, 98, 'ok', 0, 0, 'B', 2),
(1133, 14, 98, 'ok', 3, 0, 'A', 3),
(1132, 16, 98, 'ok', 1, 0, 'A', 2),
(1138, 29, 98, 'nok', NULL, NULL, '', NULL),
(1130, 38, 98, 'ok', 4, 0, 'A', 4),
(1129, 44, 98, 'ok', 0, 0, 'B', 5),
(1128, 17, 98, 'ok', 2, 0, 'B', 4),
(1127, 21, 98, 'ok', 3, 0, 'A', 1),
(1140, 18, 98, 'nok', NULL, NULL, '', NULL),
(1125, 2, 98, 'ok', 0, 0, 'B', 1),
(1168, 14, 100, 'ok', 1, 0, 'A', 3),
(2222, 21, 162, 'nok', NULL, NULL, '', NULL),
(1166, 38, 100, 'nok', NULL, NULL, '', NULL),
(2180, 2, 160, 'ok', 3, 3, 'B', 2),
(1162, 16, 100, 'ok', 4, 0, 'B', 2),
(1161, 29, 100, 'nok', NULL, NULL, '', NULL),
(1165, 31, 100, 'nok', NULL, NULL, '', NULL),
(1159, 44, 100, 'ok', 6, 0, 'A', 4),
(1158, 42, 100, 'ok', 1, 0, 'B', 4),
(1157, 21, 100, 'ok', 7, 0, 'B', 1),
(1163, 18, 100, 'nok', NULL, NULL, '', NULL),
(1155, 2, 100, 'ok', 0, 0, 'A', 2),
(1170, 23, 100, 'ok', 8, 0, 'B', 3),
(1174, 17, 100, 'nok', NULL, NULL, '', NULL),
(1182, 2, 101, 'ok', 0, 0, '', NULL),
(1185, 18, 101, 'nok', NULL, NULL, '', NULL),
(1177, 21, 101, 'ok', 8, 0, 'B', 1),
(1178, 42, 101, 'ok', 7, 0, 'B', 2),
(2211, 2, 162, 'ok', 2, 3, 'B', 1),
(1180, 16, 101, 'ok', 4, 0, 'A', 2),
(1181, 17, 101, 'ok', 2, 0, 'B', 3),
(1183, 31, 101, 'ok', 2, 0, 'A', 4),
(1184, 44, 101, 'ok', 8, 0, 'A', 3),
(2210, 71, 161, 'nok', NULL, NULL, '', NULL),
(1239, 31, 105, 'ok', 1, 0, 'A', 4),
(2208, 77, 161, 'nok', NULL, NULL, '', NULL),
(1213, 29, 103, 'ok', 4, 0, 'B', 2),
(1206, 42, 103, 'nok', NULL, NULL, '', NULL),
(1210, 44, 103, 'nok', NULL, NULL, '', NULL),
(1204, 21, 103, 'ok', 4, 0, 'B', 1),
(1212, 18, 103, 'nok', NULL, NULL, '', NULL),
(1214, 2, 103, 'ok', 0, 0, 'A', 2),
(1208, 17, 103, 'ok', 0, 0, 'B', 4),
(1209, 16, 103, 'ok', 2, 0, 'B', 3),
(1211, 14, 103, 'ok', 1, 0, 'A', 3),
(1238, 29, 105, 'nok', NULL, NULL, '', NULL),
(1242, 16, 105, 'nok', NULL, NULL, '', NULL),
(1235, 38, 105, 'nok', NULL, NULL, '', NULL),
(1234, 17, 105, 'ok', 1, 0, 'A', 3),
(1233, 21, 105, 'ok', 5, 0, 'B', 1),
(1232, 18, 105, 'ok', 0, 0, 'B', 3),
(1231, 2, 105, 'ok', 0, 0, 'A', 2),
(1241, 44, 105, 'nok', NULL, NULL, '', NULL),
(1244, 42, 105, 'nok', NULL, NULL, '', NULL),
(1245, 23, 105, 'ok', 0, 0, 'B', 2),
(1266, 42, 107, 'ok', 0, 0, 'B', 3),
(1265, 44, 107, 'ok', 0, 0, 'B', 2),
(1264, 31, 107, 'ok', 0, 0, 'A', 4),
(1263, 38, 107, 'ok', 0, 0, 'B', 4),
(1262, 16, 107, 'ok', 0, 0, 'A', 2),
(1261, 17, 107, 'ok', 0, 0, 'A', 3),
(1269, 21, 107, 'nok', NULL, NULL, '', NULL),
(1270, 18, 107, 'nok', NULL, NULL, '', NULL),
(1258, 2, 107, 'ok', 0, 0, 'B', 1),
(1268, 29, 107, 'nok', NULL, NULL, '', NULL),
(2154, 79, 158, 'nok', NULL, NULL, '', NULL),
(1297, 38, 109, 'nok', NULL, NULL, '', NULL),
(2207, 76, 161, 'ok', 0, 0, 'A', 4),
(1295, 29, 109, 'nok', NULL, NULL, '', NULL),
(1294, 44, 109, 'nok', NULL, NULL, '', NULL),
(1291, 42, 109, 'ok', 0, 0, '', NULL),
(1290, 17, 109, 'ok', 0, 0, '', NULL),
(1288, 16, 109, 'ok', 0, 0, '', NULL),
(1292, 21, 109, 'nok', NULL, NULL, '', NULL),
(1293, 18, 109, 'ok', 0, 0, '', NULL),
(1285, 2, 109, 'ok', 0, 0, '', NULL),
(2206, 59, 161, 'ok', 0, 1, 'A', 5),
(1325, 44, 111, 'ok', 4, 0, 'B', 3),
(1323, 14, 111, 'ok', 2, 0, 'A', 2),
(1321, 42, 111, 'ok', 4, 0, 'A', 3),
(1320, 17, 111, 'ok', 1, 0, 'B', 4),
(1331, 21, 111, 'nok', NULL, NULL, '', NULL),
(1322, 18, 111, 'nok', NULL, NULL, '', NULL),
(1317, 16, 111, 'ok', 5, 0, 'B', 1),
(1330, 2, 111, 'ok', 11, 0, 'B', 2),
(1347, 21, 113, 'ok', 0, 0, '', NULL),
(1350, 16, 114, 'ok', 2, 0, 'B', 1),
(1351, 18, 114, 'ok', 0, 0, 'B', 4),
(1352, 21, 114, 'ok', 4, 0, 'A', 1),
(1353, 52, 114, 'ok', 0, 0, 'B', 5),
(1354, 53, 114, 'ok', 0, 0, 'A', 5),
(1543, 45, 125, 'ok', 1, 0, 'A', 1),
(1542, 2, 125, 'ok', 3, 0, 'A', 2),
(1361, 19, 113, 'nok', NULL, NULL, '', NULL),
(1360, 19, 114, 'nok', NULL, NULL, '', NULL),
(1362, 42, 114, 'ok', 3, 0, 'B', 3),
(1363, 42, 113, 'nok', NULL, NULL, '', NULL),
(1364, 17, 113, 'ok', 0, 0, '', NULL),
(1365, 17, 114, 'ok', 3, 0, 'A', 4),
(1366, 44, 113, 'ok', 0, 0, '', NULL),
(2205, 81, 161, 'ok', 0, 0, 'A', 2),
(1373, 31, 113, 'nok', NULL, NULL, '', NULL),
(1370, 52, 113, 'nok', NULL, NULL, '', NULL),
(1371, 14, 113, 'nok', NULL, NULL, '', NULL),
(1372, 14, 114, 'ok', 1, 0, 'A', 2),
(1374, 29, 113, 'nok', NULL, NULL, '', NULL),
(1378, 29, 114, 'nok', NULL, NULL, '', NULL),
(1377, 44, 114, 'ok', 2, 0, 'A', 3),
(1379, 2, 115, 'ok', 7, 0, 'A', 2),
(1380, 16, 115, 'ok', 9, 0, 'B', 1),
(1389, 18, 115, 'nok', NULL, NULL, '', NULL),
(1382, 21, 115, 'ok', 6, 0, 'A', 1),
(1388, 44, 115, 'nok', NULL, NULL, '', NULL),
(1385, 53, 115, 'ok', 0, 0, 'A', 3),
(1386, 17, 115, 'ok', 3, 0, 'B', 3),
(1387, 29, 115, 'nok', NULL, NULL, '', NULL),
(1390, 52, 115, 'ok', 0, 0, 'B', 4),
(1391, 14, 115, 'ok', 1, 0, 'B', 2),
(1392, 38, 115, 'nok', NULL, NULL, '', NULL),
(2204, 80, 161, 'ok', 3, 2, 'B', 4),
(1394, 42, 115, 'nok', NULL, NULL, '', NULL),
(2203, 64, 161, 'ok', 0, 3, 'B', 5),
(1416, 53, 117, 'ok', 3, 0, 'A', 5),
(1415, 44, 117, 'ok', 2, 0, 'A', 3),
(1414, 42, 117, 'ok', 6, 0, 'B', 3),
(1413, 17, 117, 'ok', 1, 0, 'B', 4),
(1412, 52, 117, 'ok', 0, 0, 'A', 4),
(1411, 21, 117, 'ok', 4, 0, 'A', 1),
(1421, 18, 117, 'nok', NULL, NULL, '', NULL),
(1409, 16, 117, 'ok', 1, 0, 'B', 1),
(1408, 2, 117, 'ok', 5, 0, 'A', 2),
(1418, 31, 117, 'ok', 0, 0, 'B', 5),
(1419, 14, 117, 'ok', 1, 0, 'B', 2),
(1420, 29, 117, 'nok', NULL, NULL, '', NULL),
(1422, 2, 118, 'ok', 5, 0, 'A', 2),
(1423, 16, 118, 'ok', 1, 0, 'B', 1),
(1437, 18, 118, 'nok', NULL, NULL, '', NULL),
(1425, 21, 118, 'ok', 6, 0, 'A', 1),
(1434, 52, 118, 'nok', NULL, NULL, '', NULL),
(1427, 42, 118, 'ok', 4, 0, 'A', 3),
(1428, 14, 118, 'ok', 3, 0, 'B', 2),
(1429, 19, 118, 'nok', NULL, NULL, '', NULL),
(1432, 53, 118, 'ok', 4, 0, 'B', 4),
(1433, 31, 118, 'ok', 1, 0, 'A', 4),
(1435, 17, 118, 'nok', NULL, NULL, '', NULL),
(1436, 44, 118, 'ok', 5, 0, 'B', 3),
(1438, 29, 118, 'nok', NULL, NULL, '', NULL),
(1439, 2, 119, 'ok', 4, 0, 'B', 1),
(1440, 16, 119, 'ok', 2, 0, 'B', 2),
(1445, 18, 119, 'nok', NULL, NULL, '', NULL),
(1443, 52, 119, 'ok', 1, 0, 'A', 1),
(1444, 42, 119, 'ok', 5, 0, 'A', 2),
(1446, 17, 119, 'ok', 3, 0, 'A', 3),
(1447, 44, 119, 'ok', 3, 0, 'A', 4),
(1448, 53, 119, 'ok', 2, 0, 'B', 3),
(1449, 31, 119, 'ok', 0, 0, 'A', 4),
(1451, 56, 119, 'ok', 3, 0, 'B', 4),
(1452, 21, 119, 'nok', NULL, NULL, '', NULL),
(1453, 2, 120, 'ok', 6, 0, 'A', 2),
(1465, 16, 120, 'nok', NULL, NULL, '', NULL),
(1455, 21, 120, 'ok', 8, 0, 'A', 1),
(1456, 52, 120, 'ok', 1, 0, 'B', 4),
(1457, 17, 120, 'nok', NULL, NULL, '', NULL),
(1458, 18, 120, 'nok', NULL, NULL, '', NULL),
(1459, 42, 120, 'ok', 5, 0, 'B', 3),
(1460, 53, 120, 'ok', 4, 0, 'A', 3),
(1461, 56, 120, 'nok', NULL, NULL, '', NULL),
(1467, 31, 120, 'nok', NULL, NULL, '', NULL),
(1464, 29, 120, 'ok', 6, 0, 'B', 1),
(1466, 44, 120, 'ok', 2, 0, 'B', 2),
(1468, 57, 120, 'ok', 3, 0, 'A', 4),
(1469, 2, 121, 'ok', 0, 0, 'B', 3),
(1470, 16, 121, 'ok', 2, 0, 'A', 3),
(1471, 21, 121, 'ok', 1, 0, 'B', 1),
(1472, 52, 121, 'ok', 0, 0, 'A', 5),
(1473, 58, 121, 'ok', 1, 0, 'A', 6),
(1474, 42, 121, 'ok', 3, 0, 'B', 5),
(1475, 14, 121, 'ok', 1, 0, 'B', 4),
(1476, 29, 121, 'ok', 2, 0, 'B', 2),
(1477, 53, 121, 'ok', 0, 0, 'A', 4),
(1478, 57, 121, 'ok', 3, 0, 'A', 1),
(1479, 44, 121, 'nok', NULL, NULL, '', NULL),
(1480, 56, 121, 'ok', 1, 0, 'A', 2),
(1481, 17, 121, 'nok', NULL, NULL, '', NULL),
(1482, 18, 121, 'nok', NULL, NULL, '', NULL),
(1483, 45, 121, 'ok', 0, 0, 'B', 6),
(1484, 2, 122, 'ok', 0, 0, 'A', 2),
(1485, 52, 122, 'ok', 0, 0, 'B', 5),
(2152, 72, 158, 'nok', NULL, NULL, '', NULL),
(1487, 14, 122, 'ok', 3, 0, 'B', 2),
(1488, 56, 122, 'ok', 1, 0, 'B', 4),
(1489, 44, 122, 'ok', 0, 0, 'A', 3),
(1490, 16, 122, 'ok', 0, 0, 'B', 1),
(1491, 21, 122, 'ok', 1, 0, 'A', 1),
(1492, 42, 122, 'nok', NULL, NULL, '', NULL),
(1501, 45, 122, 'ok', 0, 0, 'B', 6),
(1495, 53, 122, 'ok', 0, 0, 'A', 4),
(1497, 58, 122, 'ok', 2, 0, 'A', 5),
(1500, 29, 122, 'nok', NULL, NULL, '', NULL),
(1499, 31, 122, 'nok', NULL, NULL, '', NULL),
(1502, 17, 122, 'ok', 0, 0, 'B', 3),
(1503, 2, 123, 'ok', 1, 0, 'A', 1),
(1511, 16, 123, 'nok', NULL, NULL, '', NULL),
(1505, 21, 123, 'ok', 2, 0, 'B', 2),
(1506, 52, 123, 'ok', 0, 0, 'B', 1),
(1507, 45, 123, 'ok', 1, 0, 'A', 2),
(1508, 57, 123, 'ok', 2, 0, 'B', 4),
(1509, 31, 123, 'ok', 0, 0, 'A', 6),
(1510, 56, 123, 'ok', 1, 0, 'B', 5),
(1512, 17, 123, 'ok', 0, 0, 'B', 6),
(1513, 42, 123, 'ok', 4, 0, 'A', 4),
(1514, 14, 123, 'ok', 1, 0, 'B', 3),
(1515, 61, 123, 'ok', 1, 0, 'A', 5),
(1516, 58, 123, 'ok', 1, 0, 'A', 3),
(1517, 53, 123, 'nok', NULL, NULL, '', NULL),
(1518, 44, 123, 'nok', NULL, NULL, '', NULL),
(1519, 29, 123, 'nok', NULL, NULL, '', NULL),
(1520, 2, 124, 'ok', 4, 0, 'B', 1),
(1521, 16, 124, 'nok', NULL, NULL, '', NULL),
(1522, 21, 124, 'ok', 3, 0, 'A', 1),
(1523, 45, 124, 'ok', 0, 0, 'B', 2),
(1524, 14, 124, 'ok', 1, 0, 'A', 2),
(1525, 58, 124, 'nok', NULL, NULL, '', NULL),
(1526, 57, 124, 'ok', 0, 0, 'B', 4),
(1527, 42, 124, 'nok', NULL, NULL, '', NULL),
(1535, 17, 124, 'nok', NULL, NULL, '', NULL),
(1530, 31, 124, 'nok', NULL, NULL, '', NULL),
(1531, 53, 124, 'ok', 1, 0, 'A', 4),
(2151, 59, 158, 'ok', 0, 0, 'B', 3),
(1533, 52, 124, 'ok', 0, 0, 'A', 5),
(1534, 59, 124, 'ok', 3, 0, 'B', 3),
(1537, 61, 124, 'ok', NULL, NULL, 'B', 5),
(1538, 62, 123, 'ok', 2, 0, 'A', 7),
(1539, 29, 124, 'ok', 2, 0, 'A', 6),
(1541, 62, 124, 'ok', 0, 0, 'B', 6),
(2150, 64, 158, 'ok', 0, 0, 'B', 4),
(1545, 17, 125, 'nok', NULL, NULL, '', NULL),
(1546, 21, 125, 'ok', 4, 0, 'B', 1),
(1561, 57, 125, 'nok', NULL, NULL, '', NULL),
(1548, 56, 125, 'ok', 2, 0, 'B', 3),
(1549, 29, 125, 'nok', NULL, NULL, '', NULL),
(1550, 53, 125, 'ok', 0, 0, 'A', 6),
(1551, 16, 125, 'ok', 4, 0, 'A', 3),
(1552, 38, 125, 'ok', 2, 0, 'B', 5),
(2153, 66, 158, 'nok', NULL, NULL, '', NULL),
(1554, 18, 125, 'nok', NULL, NULL, '', NULL),
(1555, 59, 125, 'ok', 1, 0, 'A', 5),
(1556, 52, 125, 'ok', 0, 0, 'B', 6),
(1557, 44, 125, 'ok', 1, 0, 'B', 4),
(1558, 14, 125, 'nok', NULL, NULL, '', NULL),
(1559, 62, 125, 'ok', 0, 0, 'B', 2),
(1562, 2, 126, 'ok', 3, 0, 'A', 2),
(1564, 45, 126, 'nok', NULL, NULL, '', NULL),
(1565, 57, 126, 'ok', 0, 0, 'B', 5),
(1566, 59, 126, 'ok', 2, 0, 'A', 4),
(1567, 16, 126, 'ok', 1, 0, 'A', 1),
(1568, 21, 126, 'ok', 0, 0, 'B', 1),
(1569, 56, 126, 'ok', 0, 0, 'B', 3),
(1571, 44, 126, 'ok', 0, 0, 'B', 4),
(1572, 31, 126, 'ok', 1, 0, 'B', 6),
(1573, 17, 126, 'ok', 0, 0, 'A', 6),
(1574, 52, 126, 'ok', 0, 0, 'A', 5),
(1575, 62, 126, 'ok', 0, 0, 'B', 2),
(1576, 58, 126, 'ok', 1, 0, 'A', 3),
(1577, 38, 126, 'nok', NULL, NULL, '', 0),
(1578, 53, 126, 'nok', NULL, NULL, '', NULL),
(1582, 2, 127, 'nok', NULL, NULL, '', NULL),
(1581, 45, 127, 'ok', 3, 0, 'A', 2),
(1583, 58, 127, 'nok', NULL, NULL, '', NULL),
(1585, 17, 127, 'ok', 0, 0, 'A', 5),
(1586, 53, 127, 'nok', NULL, NULL, '', NULL),
(1587, 52, 127, 'nok', NULL, NULL, '', NULL),
(1588, 21, 127, 'ok', 1, 0, 'A', 1),
(1589, 59, 127, 'ok', 2, 0, 'A', 4),
(1594, 56, 127, 'nok', NULL, NULL, '', NULL),
(1592, 42, 127, 'ok', 5, 0, 'B', 4),
(1593, 31, 127, 'ok', 0, 0, 'A', 6),
(1595, 14, 127, 'ok', 2, 0, 'B', 2),
(1596, 16, 127, 'ok', 1, 0, 'B', 1),
(1597, 29, 127, 'ok', 4, 0, 'B', 3),
(1598, 61, 127, 'ok', NULL, NULL, 'B', 5),
(1599, 2, 128, 'ok', 2, 0, 'A', 2),
(1600, 45, 128, 'ok', 0, 0, 'A', 6),
(1620, 52, 128, 'nok', NULL, NULL, '', NULL),
(1602, 21, 128, 'ok', 1, 0, 'A', 1),
(1603, 56, 128, 'ok', 1, 0, 'A', 5),
(1604, 42, 128, 'ok', 3, 0, 'B', 2),
(1605, 59, 128, 'ok', 2, 0, 'A', 4),
(1606, 44, 128, 'ok', 2, 0, 'B', 3),
(1607, 16, 128, 'nok', NULL, NULL, '', NULL),
(1608, 29, 128, 'ok', 4, 0, 'B', 1),
(1609, 61, 128, 'ok', NULL, NULL, 'A', 3),
(1610, 53, 128, 'ok', 0, 0, 'B', 5),
(1611, 31, 128, 'ok', 0, 0, 'B', 7),
(1612, 14, 128, 'nok', NULL, NULL, '', NULL),
(1623, 57, 128, 'nok', NULL, NULL, '', NULL),
(1622, 18, 128, 'nok', NULL, NULL, '', NULL),
(1621, 17, 128, 'nok', NULL, NULL, '', NULL),
(1619, 62, 128, 'ok', 1, 0, 'B', 6),
(1618, 58, 128, 'ok', 0, 0, 'B', 4),
(1624, 64, 128, 'ok', 0, 0, 'A', 7),
(1644, 2, 130, 'ok', 3, 0, 'A', 2),
(1626, 21, 130, 'ok', 2, 0, 'A', 1),
(1649, 45, 130, 'ok', 1, 0, 'A', 5),
(1643, 52, 130, 'ok', 0, 0, 'B', 6),
(1629, 62, 130, 'ok', 2, 0, 'A', 4),
(1645, 42, 130, 'nok', NULL, NULL, '', NULL),
(1631, 29, 130, 'ok', 2, 0, 'B', 1),
(1642, 17, 130, 'nok', NULL, NULL, '', NULL),
(1633, 58, 130, 'ok', 0, 0, 'B', 3),
(1634, 31, 130, 'ok', 0, 0, 'B', 5),
(1635, 44, 130, 'nok', NULL, NULL, '', NULL),
(1636, 14, 130, 'ok', 0, 0, 'B', 2),
(1637, 56, 130, 'ok', 3, 0, 'B', 4),
(1638, 53, 130, 'nok', NULL, NULL, '', NULL),
(1639, 64, 130, 'nok', NULL, NULL, '', NULL),
(1640, 16, 130, 'nok', NULL, NULL, '', NULL),
(1641, 18, 130, 'ok', 4, 0, 'A', 3),
(1652, 65, 130, 'ok', 0, 0, 'A', 6),
(1653, 2, 131, 'ok', 2, 0, 'B', 2),
(1654, 21, 131, 'ok', 4, 0, 'A', 1),
(1655, 45, 131, 'ok', 1, 0, 'A', 4),
(1656, 52, 131, 'ok', 0, 0, 'A', 5),
(1657, 62, 131, 'ok', 3, 0, 'A', 3),
(1658, 29, 131, 'nok', NULL, NULL, '', NULL),
(1659, 56, 131, 'ok', 1, 0, 'B', 4),
(1661, 18, 131, 'nok', NULL, NULL, '', NULL),
(1662, 17, 131, 'ok', 0, 0, 'A', 2),
(1663, 53, 131, 'ok', 0, 0, 'B', 3),
(1664, 16, 131, 'ok', 2, 0, 'B', 1),
(1667, 64, 131, 'nok', NULL, NULL, '', NULL),
(1666, 31, 131, 'ok', 1, 0, 'B', 5),
(1668, 2, 132, 'ok', 4, 0, 'A', 1),
(1669, 21, 132, 'ok', 0, 0, 'B', 2),
(1670, 45, 132, 'ok', 0, 0, 'A', 4),
(1680, 52, 132, 'nok', NULL, NULL, '', NULL),
(1672, 62, 132, 'ok', 2, 0, 'A', 3),
(1673, 16, 132, 'ok', 2, 0, 'B', 1),
(1674, 42, 132, 'ok', 1, 0, 'B', 3),
(1675, 31, 132, 'ok', 0, 0, 'A', 5),
(1676, 56, 132, 'ok', 2, 0, 'B', 5),
(1677, 53, 132, 'nok', NULL, NULL, '', NULL),
(1678, 64, 132, 'nok', NULL, NULL, '', NULL),
(1679, 58, 132, 'nok', NULL, NULL, '', NULL),
(1681, 59, 132, 'ok', 2, 0, 'B', 4),
(1682, 44, 132, 'ok', 0, 0, 'A', 2),
(1721, 16, 134, 'ok', 0, 0, 'B', 1),
(1719, 29, 134, 'nok', NULL, NULL, '', NULL),
(1718, 64, 134, 'nok', NULL, NULL, '', NULL),
(1717, 53, 134, 'nok', NULL, NULL, '', NULL),
(1716, 44, 134, 'ok', 0, 0, 'A', 3),
(1715, 17, 134, 'nok', NULL, NULL, '', NULL),
(1714, 59, 134, 'ok', 0, 0, 'B', 3),
(1712, 31, 134, 'ok', 0, 0, 'B', 5),
(1710, 62, 134, 'ok', 2, 0, 'B', 4),
(1709, 52, 134, 'ok', 0, 0, 'A', 5),
(1708, 45, 134, 'ok', 0, 0, 'A', 4),
(1720, 21, 134, 'ok', 0, 0, 'A', 1),
(1711, 2, 134, 'nok', NULL, NULL, '', NULL),
(1722, 14, 134, 'ok', 0, 0, 'A', 2),
(1723, 42, 134, 'ok', 4, 0, 'B', 2),
(1737, 2, 135, 'nok', NULL, NULL, '', NULL),
(1725, 21, 135, 'ok', 0, 0, 'A', 1),
(1726, 45, 135, 'ok', 3, 0, 'B', 5),
(1727, 52, 135, 'ok', 0, 0, 'A', 5),
(1728, 62, 135, 'ok', 2, 0, 'B', 3),
(1729, 16, 135, 'ok', 0, 0, 'B', 1),
(1730, 58, 135, 'nok', NULL, NULL, '', NULL),
(1731, 42, 135, 'ok', 1, 0, 'B', 2),
(1732, 14, 135, 'ok', 0, 0, 'A', 2),
(1733, 59, 135, 'ok', 4, 0, 'A', 4),
(1734, 56, 135, 'nok', NULL, NULL, '', NULL),
(1735, 18, 135, 'ok', 12, 2, 'A', 3),
(1736, 31, 135, 'ok', 0, 0, 'B', 4),
(1738, 65, 135, 'ok', 0, 0, 'B', 6),
(1739, 66, 135, 'ok', 0, 0, 'A', 6),
(1773, 59, 137, 'ok', NULL, NULL, 'B', 2),
(1772, 29, 137, 'nok', NULL, NULL, '', NULL),
(1771, 66, 137, 'nok', NULL, NULL, '', NULL),
(1770, 17, 137, 'ok', NULL, NULL, 'B', 1),
(1768, 61, 137, 'ok', NULL, NULL, 'A', 2),
(1777, 56, 137, 'nok', NULL, NULL, '', NULL),
(1766, 16, 137, 'nok', NULL, NULL, '', NULL),
(1778, 14, 137, 'nok', NULL, NULL, '', NULL),
(1782, 42, 137, 'nok', NULL, NULL, '', NULL),
(1769, 62, 137, 'nok', NULL, NULL, '', NULL),
(1761, 52, 137, 'ok', NULL, NULL, 'B', 4),
(1760, 45, 137, 'ok', NULL, NULL, 'B', 3),
(1765, 21, 137, 'nok', NULL, NULL, '', NULL),
(1758, 2, 137, 'ok', NULL, NULL, 'A', 1),
(1774, 44, 137, 'nok', NULL, NULL, '', NULL),
(1779, 31, 137, 'nok', NULL, NULL, '', NULL),
(1776, 53, 137, 'ok', NULL, NULL, 'A', 3),
(1780, 65, 137, 'ok', NULL, NULL, 'B', 5),
(1781, 69, 137, 'ok', NULL, NULL, 'A', 4),
(1783, 64, 137, 'ok', NULL, NULL, 'A', 5),
(1784, 2, 138, 'ok', 0, 0, 'A', 1),
(1797, 21, 138, 'nok', NULL, NULL, '', NULL),
(1800, 45, 138, 'nok', NULL, NULL, '', NULL),
(1787, 52, 138, 'ok', 0, 0, 'B', 5),
(1788, 62, 138, 'ok', 1, 0, 'A', 3),
(1789, 66, 138, 'ok', 0, 0, 'A', 5),
(1790, 59, 138, 'nok', NULL, NULL, '', NULL),
(1791, 53, 138, 'ok', 0, 0, 'B', 3),
(1792, 16, 138, 'ok', 5, 0, 'B', 1),
(1793, 14, 138, 'ok', 0, 0, 'A', 2),
(2149, 56, 158, 'nok', NULL, NULL, '', NULL),
(1795, 56, 138, 'ok', 2, 0, 'B', 4),
(1796, 42, 138, 'ok', NULL, NULL, 'B', 2),
(1798, 61, 138, 'nok', NULL, NULL, '', NULL),
(1799, 64, 138, 'ok', 0, 0, 'B', 6),
(1801, 29, 138, 'nok', NULL, NULL, '', NULL),
(1802, 31, 138, 'nok', NULL, NULL, '', NULL),
(1803, 17, 138, 'nok', NULL, NULL, '', NULL),
(1804, 70, 138, 'ok', NULL, NULL, 'A', 6),
(1805, 2, 139, 'ok', 3, 0, 'B', 1),
(1812, 21, 139, 'nok', NULL, NULL, '', NULL),
(1807, 45, 139, 'ok', 1, 0, 'A', 4),
(1808, 52, 139, 'ok', 0, 0, 'A', 5),
(1809, 62, 139, 'ok', 2, 0, 'B', 3),
(1810, 56, 139, 'nok', NULL, NULL, '', NULL),
(1811, 59, 139, 'ok', 1, 0, 'A', 6),
(1813, 42, 139, 'ok', NULL, NULL, 'A', 2),
(1814, 16, 139, 'ok', 3, 0, 'A', 1),
(1815, 53, 139, 'ok', 3, 0, 'B', 4),
(1816, 64, 139, 'ok', 1, 0, 'B', 6),
(1817, 61, 139, 'ok', NULL, NULL, 'A', 3),
(1818, 65, 139, 'ok', 0, 0, 'B', 2),
(1819, 31, 139, 'ok', 0, 0, 'B', 5),
(1820, 66, 139, 'ok', 0, 0, 'A', 7),
(1821, 17, 139, 'nok', NULL, NULL, '', NULL),
(1822, 29, 139, 'nok', NULL, NULL, '', NULL),
(1823, 2, 140, 'ok', 3, 0, 'B', 1),
(1834, 21, 140, 'nok', NULL, NULL, '', NULL),
(1825, 45, 140, 'ok', 1, 0, 'B', 5),
(1826, 52, 140, 'ok', 0, 0, 'A', 5),
(1827, 62, 140, 'ok', 3, 0, 'B', 4),
(1828, 42, 140, 'nok', NULL, NULL, '', NULL),
(1829, 16, 140, 'ok', 2, 0, 'A', 1),
(1830, 66, 140, 'ok', 0, 0, 'B', 6),
(1831, 59, 140, 'ok', 2, 0, 'B', 3),
(1833, 56, 140, 'ok', 0, 0, 'A', 3),
(1835, 53, 140, 'ok', 1, 0, 'B', 2),
(1836, 64, 140, 'ok', 2, 0, 'A', 6),
(1837, 61, 140, 'ok', NULL, NULL, 'A', 4),
(1838, 29, 140, 'nok', NULL, NULL, '', NULL),
(1839, 14, 140, 'ok', 0, 0, 'A', 2),
(1840, 2, 141, 'ok', 5, 0, 'B', 2),
(1856, 21, 141, 'ok', 1, 0, 'A', 1),
(1842, 45, 141, 'ok', 0, 0, 'A', 4),
(1851, 52, 141, 'nok', NULL, NULL, '', NULL),
(1857, 62, 141, 'nok', NULL, NULL, '', NULL),
(1845, 16, 141, 'ok', 1, 0, 'A', 2),
(1846, 59, 141, 'ok', 1, 0, 'B', 3),
(1854, 66, 141, 'nok', NULL, NULL, '', NULL),
(1848, 53, 141, 'ok', 1, 0, 'A', 3),
(1849, 42, 141, 'nok', NULL, NULL, '', NULL),
(1850, 56, 141, 'nok', NULL, NULL, '', NULL),
(1852, 64, 141, 'ok', 1, 0, 'B', 4),
(1853, 17, 141, 'nok', NULL, NULL, '', NULL),
(2148, 16, 158, 'ok', 0, 0, 'A', 1),
(1859, 61, 141, 'ok', NULL, NULL, 'A', 5),
(1860, 18, 141, 'nok', NULL, NULL, '', NULL),
(1861, 65, 141, 'ok', 0, 0, 'B', 5),
(1862, 23, 141, 'ok', NULL, NULL, 'B', 1),
(1863, 14, 141, 'nok', NULL, NULL, '', NULL),
(1864, 2, 142, 'ok', 1, 0, 'A', 2),
(1877, 21, 142, 'ok', 4, 0, 'B', 2),
(1866, 45, 142, 'ok', 1, 0, 'A', 4),
(1867, 52, 142, 'ok', 0, 0, 'A', 5),
(1868, 62, 142, 'ok', 3, 0, 'A', 1),
(1869, 59, 142, 'ok', 2, 0, 'A', 3),
(1871, 53, 142, 'ok', 1, 0, 'B', 4),
(1872, 64, 142, 'ok', 1, 0, 'B', 3),
(1873, 66, 142, 'ok', 1, 0, 'B', 5),
(1874, 17, 142, 'nok', NULL, NULL, '', NULL),
(1875, 16, 142, 'ok', 5, 0, 'B', 1),
(1876, 18, 142, 'nok', NULL, NULL, '', NULL),
(1878, 2, 143, 'ok', 0, 0, 'A', 2),
(1879, 21, 143, 'ok', 2, 0, 'A', 1),
(1880, 45, 143, 'ok', 0, 0, 'A', 4),
(1881, 52, 143, 'ok', 0, 0, 'A', 5),
(1882, 62, 143, 'ok', 2, 0, 'B', 2),
(1883, 53, 143, 'ok', 0, 0, 'B', 3),
(1885, 59, 143, 'ok', 0, 0, 'A', 3),
(1886, 66, 143, 'ok', 2, 0, 'B', 5),
(1887, 56, 143, 'ok', 0, 0, 'B', 4),
(1888, 29, 143, 'nok', NULL, NULL, '', NULL),
(1889, 18, 143, 'nok', NULL, NULL, '', NULL),
(1890, 16, 143, 'ok', 0, 0, 'B', 1),
(1891, 17, 143, 'nok', NULL, NULL, '', NULL),
(1892, 2, 144, 'ok', NULL, NULL, 'B', 1),
(1898, 21, 144, 'nok', NULL, NULL, '', NULL),
(1894, 45, 144, 'ok', NULL, NULL, 'A', 4),
(1895, 52, 144, 'ok', NULL, NULL, 'B', 5),
(1896, 62, 144, 'ok', NULL, NULL, 'B', 4),
(1897, 66, 144, 'ok', NULL, NULL, 'A', 3),
(1899, 56, 144, 'nok', NULL, NULL, '', NULL),
(1900, 53, 144, 'ok', NULL, NULL, 'B', 2),
(1905, 64, 144, 'ok', NULL, NULL, 'B', 3),
(1902, 17, 144, 'nok', NULL, NULL, '', NULL),
(1903, 29, 144, 'nok', NULL, NULL, '', NULL),
(1904, 16, 144, 'ok', NULL, NULL, 'A', 1),
(1906, 65, 144, 'ok', NULL, NULL, 'A', 5),
(1907, 58, 144, 'ok', NULL, NULL, 'A', 2),
(1908, 2, 145, 'ok', 1, 0, 'B', 2),
(1909, 59, 145, 'ok', 1, 2, 'B', 3),
(1913, 45, 145, 'nok', NULL, NULL, '', NULL),
(1911, 52, 145, 'ok', 1, 0, 'B', 5),
(1912, 62, 145, 'ok', 2, 0, 'A', 2),
(1914, 17, 145, 'nok', NULL, NULL, '', NULL),
(1915, 16, 145, 'ok', 0, 0, 'B', 1),
(1916, 64, 145, 'nok', NULL, NULL, '', 0),
(1917, 66, 145, 'nok', NULL, NULL, '', NULL),
(1918, 71, 145, 'ok', 0, 0, 'B', 4),
(1919, 29, 145, 'nok', NULL, NULL, '', NULL),
(1920, 53, 145, 'ok', 0, 0, 'A', 3),
(1921, 61, 145, 'ok', NULL, NULL, 'A', 4),
(1922, 56, 145, 'nok', NULL, NULL, '', NULL),
(1923, 65, 145, 'ok', 2, 2, 'A', 5),
(1933, 69, 145, 'ok', 0, 0, 'A', 1),
(1924, 2, 146, 'ok', 2, 1, 'B', 1),
(1925, 21, 146, 'ok', 2, 2, 'A', 1),
(1926, 45, 146, 'ok', 1, 0, 'B', 3),
(1927, 52, 146, 'ok', 0, 1, 'B', 4),
(1928, 62, 146, 'ok', 2, 1, 'A', 2),
(1929, 64, 146, 'nok', NULL, NULL, '', NULL),
(1930, 66, 146, 'ok', 0, 1, 'B', 2),
(1931, 71, 146, 'ok', 0, 0, 'A', 4),
(1932, 59, 146, 'ok', 0, 1, 'A', 3),
(1934, 72, 146, 'ok', 2, 1, 'B', 5),
(1935, 56, 146, 'nok', NULL, NULL, '', NULL),
(1936, 16, 146, 'nok', NULL, NULL, '', NULL),
(1937, 14, 146, 'nok', NULL, NULL, '', NULL),
(1938, 53, 146, 'nok', NULL, NULL, '', NULL),
(1939, 17, 146, 'nok', NULL, NULL, '', NULL),
(1940, 29, 146, 'nok', NULL, NULL, '', NULL),
(1941, 65, 146, 'ok', NULL, NULL, 'A', 5),
(1953, 2, 147, 'nok', NULL, NULL, '', NULL),
(1943, 21, 147, 'ok', 2, 2, 'A', 1),
(1944, 45, 147, 'ok', 3, 1, 'B', 5),
(1945, 52, 147, 'ok', 0, 0, 'A', 5),
(1946, 62, 147, 'ok', 2, 1, 'A', 4),
(1947, 66, 147, 'ok', 0, 0, 'A', 3),
(1948, 16, 147, 'ok', 0, 0, 'B', 1),
(1949, 59, 147, 'ok', 0, 0, 'B', 4),
(1950, 72, 147, 'ok', 0, 4, 'B', 3),
(2147, 14, 158, 'nok', NULL, NULL, '', NULL),
(1956, 71, 147, 'nok', NULL, NULL, '', NULL),
(1954, 56, 147, 'nok', NULL, NULL, '', NULL),
(1955, 31, 147, 'ok', 0, 0, 'B', 2),
(1957, 14, 147, 'ok', 0, 0, 'A', 2),
(1966, 2, 148, 'nok', NULL, NULL, '', NULL),
(1959, 21, 148, 'ok', 2, 2, 'A', 1),
(1960, 45, 148, 'ok', 1, 0, 'B', 4),
(1961, 52, 148, 'ok', 1, 1, 'A', 5),
(1962, 62, 148, 'ok', 6, 0, 'A', 2),
(1963, 72, 148, 'ok', 1, 0, 'B', 1),
(1964, 59, 148, 'ok', 0, 0, 'B', 3),
(1965, 31, 148, 'ok', 1, 1, 'B', 5),
(1967, 17, 148, 'nok', NULL, NULL, '', NULL),
(1968, 66, 148, 'nok', NULL, NULL, '', NULL),
(1969, 53, 148, 'ok', 2, 2, 'A', 3),
(1970, 56, 148, 'nok', NULL, NULL, '', NULL),
(1971, 16, 148, 'nok', NULL, NULL, '', NULL),
(1972, 65, 148, 'ok', NULL, NULL, 'B', 2),
(1973, 71, 148, 'nok', NULL, NULL, '', NULL),
(1974, 69, 148, 'ok', NULL, NULL, 'A', 4),
(1982, 2, 149, 'nok', NULL, NULL, '', NULL),
(1981, 21, 149, 'nok', NULL, NULL, '', NULL),
(1977, 45, 149, 'ok', 0, 0, 'A', 5),
(1978, 52, 149, 'ok', 0, 0, 'B', 6),
(1979, 62, 149, 'ok', 3, 2, 'A', 2),
(1980, 66, 149, 'ok', 0, 0, 'B', 5),
(1983, 72, 149, 'ok', 0, 0, 'A', 3),
(1984, 56, 149, 'nok', NULL, NULL, '', NULL),
(1985, 53, 149, 'ok', 0, 0, 'B', 3),
(1986, 17, 149, 'nok', NULL, NULL, '', NULL),
(1987, 16, 149, 'ok', 0, 0, 'A', 1),
(1994, 61, 149, 'nok', NULL, NULL, '', NULL),
(1989, 14, 149, 'ok', 0, 0, 'B', 2),
(1990, 64, 149, 'ok', 0, 0, 'B', 4),
(1995, 31, 149, 'nok', NULL, NULL, '', NULL),
(2594, 85, 178, 'ok', NULL, NULL, 'B', 6),
(1993, 65, 149, 'ok', NULL, NULL, 'A', 4),
(1996, 59, 149, 'nok', NULL, NULL, '', NULL),
(1997, 71, 149, 'nok', NULL, NULL, '', NULL),
(1998, 69, 149, 'ok', NULL, NULL, 'B', 1),
(2593, 16, 178, 'ok', 4, 0, 'B', 1),
(2026, 53, 151, 'ok', 0, 0, 'B', 4),
(2025, 16, 151, 'ok', 0, 0, 'B', 1),
(2024, 71, 151, 'ok', 0, 0, 'B', 6),
(2023, 64, 151, 'ok', 0, 0, 'A', 4),
(2022, 14, 151, 'ok', 1, 1, 'B', 2),
(2021, 66, 151, 'nok', NULL, NULL, '', NULL),
(2020, 72, 151, 'ok', 1, 1, 'B', 3),
(2019, 62, 151, 'ok', 3, 2, 'A', 3),
(2018, 52, 151, 'ok', 0, 0, 'A', 5),
(2017, 45, 151, 'ok', 1, 1, 'B', 5),
(2016, 21, 151, 'ok', 1, 0, 'A', 1),
(2015, 2, 151, 'ok', 1, 2, 'A', 2),
(2028, 29, 151, 'nok', NULL, NULL, '', NULL),
(2029, 59, 151, 'ok', 0, 0, '', NULL),
(2030, 2, 152, 'ok', 3, 1, 'B', 1),
(2031, 21, 152, 'ok', 5, 0, 'A', 1),
(2032, 45, 152, 'ok', 1, 1, 'A', 4),
(2033, 52, 152, 'ok', 2, 0, 'B', 5),
(2044, 62, 152, 'nok', NULL, NULL, '', NULL),
(2043, 14, 152, 'nok', NULL, NULL, '', NULL),
(2036, 53, 152, 'ok', 0, 0, 'A', 2),
(2037, 16, 152, 'nok', NULL, NULL, '', NULL),
(2038, 59, 152, 'ok', 0, 1, 'A', 3),
(2039, 72, 152, 'ok', 0, 0, 'B', 2),
(2040, 66, 152, 'nok', NULL, NULL, '', NULL),
(2041, 64, 152, 'ok', 0, 1, 'B', 4),
(2042, 56, 152, 'nok', NULL, NULL, '', NULL),
(2045, 71, 152, 'ok', 0, 0, 'A', 5),
(2046, 58, 152, 'ok', 1, 3, 'B', 3),
(2047, 76, 152, 'ok', 0, 0, 'B', 6),
(2145, 76, 158, 'ok', 1, 1, 'B', 5),
(2049, 2, 153, 'ok', 1, 1, 'B', 2),
(2050, 21, 153, 'ok', 1, 0, 'A', 1),
(2051, 45, 153, 'ok', 1, 3, 'B', 6),
(2052, 52, 153, 'ok', 0, 0, 'A', 6),
(2053, 62, 153, 'ok', 1, 3, 'A', 2),
(2054, 53, 153, 'ok', 0, 1, 'B', 3),
(2055, 14, 153, 'ok', 2, 2, 'A', 3),
(2056, 59, 153, 'ok', 2, 1, 'A', 5),
(2057, 72, 153, 'ok', 0, 0, 'B', 4),
(2058, 66, 153, 'nok', NULL, NULL, '', NULL),
(2059, 16, 153, 'ok', 3, 0, 'B', 1),
(2060, 56, 153, 'ok', 1, 0, 'A', 4),
(2061, 64, 153, 'ok', 1, 1, 'B', 5),
(2062, 29, 153, 'nok', NULL, NULL, '', NULL),
(2063, 2, 154, 'ok', 1, 0, 'B', 2),
(2064, 21, 154, 'ok', 3, 1, 'A', 1),
(2073, 45, 154, 'nok', NULL, NULL, '', NULL),
(2066, 52, 154, 'ok', 0, 0, 'B', 6),
(2067, 62, 154, 'ok', 1, 3, 'A', 2),
(2068, 16, 154, 'ok', 0, 0, 'B', 1),
(2069, 66, 154, 'nok', NULL, NULL, '', NULL),
(2070, 56, 154, 'nok', NULL, NULL, '', NULL),
(2071, 14, 154, 'ok', 1, 1, 'A', 3),
(2072, 59, 154, 'ok', 3, 1, 'B', 5),
(2074, 64, 154, 'nok', NULL, NULL, '', NULL),
(2075, 53, 154, 'ok', 0, 1, 'B', 3),
(2076, 76, 154, 'ok', 1, 2, 'B', 4),
(2077, 72, 154, 'ok', 0, 0, 'A', 4),
(2078, 44, 154, 'ok', 1, 2, 'A', 5),
(2079, 71, 154, 'nok', NULL, NULL, '', NULL),
(2080, 65, 154, 'ok', NULL, NULL, 'A', 6),
(2081, 2, 155, 'ok', 2, 0, 'A', 2),
(2087, 21, 155, 'nok', NULL, NULL, '', NULL),
(2096, 45, 155, 'nok', NULL, NULL, '', NULL),
(2084, 52, 155, 'ok', 0, 0, 'B', 5),
(2085, 62, 155, 'ok', 1, 0, 'A', 1),
(2086, 59, 155, 'ok', 0, 0, 'B', 4),
(2088, 76, 155, 'ok', 0, 0, 'A', 4),
(2089, 56, 155, 'nok', NULL, NULL, '', NULL),
(2090, 72, 155, 'ok', 0, 0, 'B', 3),
(2091, 53, 155, 'ok', 0, 0, 'A', 3),
(2092, 66, 155, 'nok', NULL, NULL, '', NULL),
(2101, 14, 155, 'ok', 0, 1, 'B', 2),
(2094, 58, 155, 'nok', NULL, NULL, '', NULL),
(2099, 44, 155, 'nok', NULL, NULL, '', NULL),
(2097, 71, 155, 'ok', 0, 0, 'A', 5),
(2100, 16, 155, 'ok', 1, 0, 'B', 1),
(2114, 2, 156, 'nok', NULL, NULL, '', NULL),
(2108, 21, 156, 'nok', NULL, NULL, '', NULL),
(2104, 45, 156, 'ok', 1, 0, 'A', 4),
(2105, 52, 156, 'ok', 0, 0, 'A', 5),
(2106, 62, 156, 'ok', 0, 1, 'B', 1),
(2107, 66, 156, 'nok', NULL, NULL, '', NULL),
(2109, 53, 156, 'nok', NULL, NULL, '', NULL),
(2110, 59, 156, 'ok', 1, 2, 'B', 3),
(2111, 76, 156, 'ok', 0, 1, 'B', 5),
(2112, 72, 156, 'ok', 0, 0, 'B', 4),
(2113, 44, 156, 'ok', 1, 0, 'B', 2),
(2115, 56, 156, 'ok', 1, 0, 'A', 3),
(2116, 16, 156, 'ok', 0, 0, 'A', 1),
(2117, 14, 156, 'ok', 0, 1, 'A', 2),
(2118, 64, 156, 'nok', NULL, NULL, '', NULL),
(2120, 79, 156, 'nok', NULL, NULL, '', NULL),
(2121, 71, 156, 'nok', NULL, NULL, '', NULL),
(2263, 89, 163, 'nok', NULL, NULL, '', NULL),
(2262, 81, 163, 'ok', 0, 0, 'A', 5),
(2287, 44, 163, 'nok', NULL, NULL, '', NULL),
(2266, 2, 164, 'ok', 2, 1, 'A', 2),
(2157, 62, 158, 'nok', NULL, NULL, '', NULL),
(2143, 52, 158, 'ok', 0, 1, 'A', 5),
(2142, 45, 158, 'ok', 1, 0, 'A', 4),
(2146, 21, 158, 'nok', NULL, NULL, '', NULL),
(2140, 2, 158, 'ok', 1, 0, 'B', 1),
(2265, 53, 163, 'ok', 1, 0, 'A', 3),
(2268, 45, 164, 'ok', 3, 2, 'B', 6),
(2269, 52, 164, 'ok', 0, 2, 'B', 7),
(2270, 62, 164, 'ok', 2, 2, 'B', 2),
(2271, 72, 164, 'nok', NULL, NULL, '', NULL),
(2272, 90, 163, 'nok', NULL, NULL, '', NULL),
(2273, 16, 163, 'ok', 1, 1, 'B', 2),
(2274, 76, 163, 'ok', 2, 1, 'B', 4),
(2275, 76, 164, 'ok', 1, 0, 'A', 4),
(2277, 77, 163, 'nok', NULL, NULL, '', NULL),
(2278, 58, 164, 'ok', 5, 4, 'A', 5),
(2280, 80, 163, 'nok', NULL, NULL, '', NULL),
(2281, 80, 164, 'ok', 2, 0, 'B', 1),
(2282, 53, 164, 'ok', 1, 1, 'B', 4),
(2283, 18, 163, 'nok', NULL, NULL, '', NULL),
(2284, 18, 164, 'ok', 0, 0, 'A', 3),
(2285, 84, 164, 'ok', 1, 1, 'A', 6),
(2286, 77, 164, 'nok', NULL, NULL, '', NULL),
(2292, 44, 164, 'nok', NULL, NULL, '', NULL),
(2290, 71, 163, 'ok', 0, 0, 'A', 6),
(2291, 90, 164, 'ok', 0, 0, 'A', 1),
(2293, 91, 164, 'ok', 0, 1, 'A', 7),
(2294, 71, 164, 'nok', NULL, NULL, '', NULL),
(2295, 2, 165, 'ok', 1, 1, 'B', 1),
(2296, 21, 165, 'ok', 2, 0, 'A', 1),
(2297, 45, 165, 'ok', 1, 1, 'B', 5),
(2298, 52, 165, 'ok', 1, 0, 'B', 6),
(2299, 62, 165, 'ok', 1, 1, 'A', 2),
(2300, 72, 165, 'nok', NULL, NULL, '', NULL),
(2301, 66, 165, 'ok', 0, 0, 'A', 4),
(2302, 64, 164, 'ok', 0, 1, 'B', 5),
(2303, 64, 165, 'ok', 0, 1, 'A', 6),
(2304, 81, 165, 'ok', 1, 0, 'A', 5),
(2338, 18, 165, 'nok', NULL, NULL, '', NULL),
(2307, 81, 164, 'nok', NULL, NULL, '', NULL),
(2308, 66, 164, 'nok', NULL, NULL, '', NULL),
(2309, 53, 165, 'ok', 0, 0, 'A', 3),
(2310, 89, 164, 'nok', NULL, NULL, '', NULL),
(2311, 89, 165, 'nok', NULL, NULL, '', NULL),
(2312, 76, 165, 'ok', 0, 0, 'B', 4),
(2313, 82, 164, 'nok', NULL, NULL, '', NULL),
(2314, 83, 164, 'ok', 0, 2, 'B', 8),
(2315, 92, 164, 'ok', 0, 1, 'A', 8),
(2316, 65, 164, 'ok', NULL, NULL, 'B', 3),
(2317, 84, 165, 'nok', NULL, NULL, '', NULL),
(2318, 90, 165, 'nok', NULL, NULL, '', NULL),
(2319, 2, 166, 'ok', 3, 2, 'B', 1),
(2341, 21, 166, 'nok', NULL, NULL, '', NULL),
(2352, 45, 166, 'nok', NULL, NULL, '', NULL),
(2322, 52, 166, 'ok', 0, 0, 'B', 2),
(2323, 62, 166, 'ok', 1, 1, 'A', 2),
(2324, 72, 166, 'nok', NULL, NULL, '', NULL),
(2327, 77, 165, 'ok', 0, 0, 'B', 3),
(2328, 80, 165, 'nok', NULL, NULL, '', NULL),
(2329, 81, 166, 'nok', NULL, NULL, '', NULL),
(2330, 64, 166, 'ok', 0, 0, 'A', 4),
(2331, 91, 165, 'nok', NULL, NULL, '', NULL),
(2332, 91, 166, 'ok', 1, 0, 'A', 3),
(2334, 56, 165, 'nok', NULL, NULL, '', NULL),
(2335, 56, 166, 'nok', NULL, NULL, '', NULL),
(2336, 18, 166, 'ok', 0, 0, 'A', 5),
(2339, 90, 166, 'ok', 3, 4, 'B', 6),
(2340, 53, 166, 'ok', 0, 2, 'B', 4),
(2342, 16, 165, 'ok', 0, 0, 'B', 2),
(2343, 89, 166, 'nok', NULL, NULL, '', NULL),
(2344, 14, 165, 'ok', 0, 0, '', NULL),
(2345, 84, 166, 'nok', NULL, NULL, '', NULL),
(2346, 2, 167, 'ok', 3, 1, 'B', 1),
(2347, 21, 167, 'ok', 1, 0, 'A', 1),
(2348, 45, 167, 'ok', 1, 1, 'A', 5),
(2349, 52, 167, 'ok', 0, 0, 'B', 4),
(2350, 62, 167, 'ok', 2, 1, 'B', 2),
(2351, 72, 167, 'nok', NULL, NULL, '', NULL),
(2371, 58, 166, 'nok', NULL, NULL, '', NULL),
(2367, 66, 166, 'ok', 3, 0, 'B', 5),
(2380, 66, 167, 'nok', NULL, NULL, '', NULL),
(2356, 16, 166, 'nok', NULL, NULL, '', NULL),
(2357, 14, 167, 'ok', 0, 0, 'A', 3),
(2358, 14, 166, 'nok', NULL, NULL, '', NULL),
(2359, 82, 166, 'nok', NULL, NULL, '', NULL),
(2360, 64, 167, 'ok', 0, 0, 'A', 6),
(2366, 80, 167, 'nok', NULL, NULL, '', NULL),
(2365, 80, 166, 'ok', 1, 3, 'A', 1),
(2364, 81, 167, 'nok', NULL, NULL, '', NULL),
(2368, 53, 167, 'ok', 0, 0, 'B', 3),
(2369, 90, 167, 'nok', NULL, NULL, '', NULL),
(2378, 77, 166, 'ok', 0, 0, 'A', 6),
(2374, 76, 166, 'nok', NULL, NULL, '', NULL),
(2375, 76, 167, 'nok', NULL, NULL, '', NULL),
(2376, 59, 167, 'ok', 0, 2, 'A', 4),
(2377, 59, 166, 'nok', NULL, NULL, '', NULL),
(2379, 89, 167, 'nok', NULL, NULL, '', NULL),
(2381, 65, 166, 'ok', NULL, NULL, 'B', 3),
(2382, 16, 167, 'ok', 0, 0, 'A', 2),
(2407, 65, 167, 'nok', NULL, NULL, '', NULL),
(2439, 14, 169, 'nok', NULL, NULL, '', NULL),
(2422, 59, 169, 'ok', 1, 0, 'A', 3),
(2421, 31, 169, 'ok', 1, 0, 'A', 4),
(2420, 89, 169, 'nok', NULL, NULL, '', NULL);
INSERT INTO `users_matches` (`id`, `user_id`, `match_id`, `state`, `score`, `assist`, `team`, `order_in_team`) VALUES
(2419, 53, 169, 'ok', 0, 0, 'B', 2),
(2391, 92, 167, 'nok', NULL, NULL, '', NULL),
(2418, 64, 169, 'nok', NULL, NULL, '', NULL),
(2394, 84, 167, 'nok', NULL, NULL, '', NULL),
(2417, 66, 169, 'nok', NULL, NULL, '', NULL),
(2396, 91, 167, 'ok', 0, 2, 'B', 6),
(2416, 72, 169, 'nok', NULL, NULL, '', NULL),
(2415, 62, 169, 'ok', 3, 1, 'A', 2),
(2402, 77, 167, 'nok', NULL, NULL, '', NULL),
(2414, 52, 169, 'ok', 0, 0, 'B', 5),
(2413, 45, 169, 'ok', 2, 1, 'B', 3),
(2405, 71, 167, 'nok', NULL, NULL, '', NULL),
(2442, 21, 169, 'nok', NULL, NULL, '', NULL),
(2408, 85, 167, 'ok', NULL, NULL, 'B', 5),
(2411, 2, 169, 'ok', 1, 3, 'A', 1),
(2424, 81, 169, 'ok', 0, 0, 'A', 5),
(2471, 77, 171, 'nok', NULL, NULL, '', NULL),
(2470, 71, 171, 'nok', NULL, NULL, '', NULL),
(2469, 91, 171, 'ok', 4, 4, 'B', 2),
(2468, 53, 171, 'ok', 0, 0, 'A', 3),
(2467, 90, 171, 'nok', NULL, NULL, '', NULL),
(2466, 66, 171, 'ok', 1, 1, 'B', 3),
(2465, 82, 171, 'nok', NULL, NULL, '', NULL),
(2433, 18, 169, 'nok', NULL, NULL, '', NULL),
(2435, 80, 169, 'nok', NULL, NULL, '', NULL),
(2436, 90, 169, 'nok', NULL, NULL, '', NULL),
(2464, 59, 171, 'ok', 1, 1, 'B', 5),
(2463, 18, 171, 'nok', NULL, NULL, '', NULL),
(2462, 76, 171, 'ok', 0, 0, 'B', 4),
(2441, 91, 169, 'ok', 2, 2, 'B', 4),
(2443, 16, 169, 'ok', 0, 0, 'B', 1),
(2444, 82, 169, 'nok', NULL, NULL, '', NULL),
(2461, 84, 171, 'nok', NULL, NULL, '', NULL),
(2446, 77, 169, 'nok', NULL, NULL, '', NULL),
(2460, 89, 171, 'nok', NULL, NULL, '', NULL),
(2448, 71, 169, 'ok', 0, 0, 'B', 6),
(2449, 70, 169, 'ok', NULL, NULL, 'A', 6),
(2459, 31, 171, 'ok', 1, 0, 'A', 5),
(2451, 2, 171, 'ok', 2, 2, 'B', 1),
(2452, 21, 171, 'ok', 2, 0, 'A', 1),
(2453, 45, 171, 'ok', 3, 1, 'A', 4),
(2454, 52, 171, 'ok', 0, 0, 'A', 6),
(2455, 62, 171, 'ok', 2, 2, 'A', 2),
(2456, 72, 171, 'nok', NULL, NULL, '', NULL),
(2458, 81, 171, 'ok', 0, 2, 'B', 6),
(2472, 2, 172, 'ok', 0, 0, 'A', 1),
(2480, 21, 172, 'nok', NULL, NULL, '', NULL),
(2474, 45, 172, 'ok', 1, 0, 'B', 3),
(2475, 52, 172, 'ok', 0, 0, 'A', 5),
(2476, 62, 172, 'ok', 0, 2, 'B', 1),
(2477, 72, 172, 'nok', NULL, NULL, '', NULL),
(2478, 53, 172, 'ok', 0, 0, 'B', 2),
(2479, 59, 172, 'ok', 2, 0, 'B', 4),
(2481, 81, 172, 'ok', 1, 0, 'B', 5),
(2482, 89, 172, 'nok', NULL, NULL, '', NULL),
(2483, 31, 172, 'ok', 1, 1, 'A', 4),
(2484, 82, 172, 'nok', NULL, NULL, '', NULL),
(2485, 76, 172, 'ok', 0, 0, 'A', 3),
(2486, 66, 172, 'nok', NULL, NULL, '', NULL),
(2487, 14, 172, 'nok', NULL, NULL, '', NULL),
(2488, 91, 172, 'ok', 2, 0, 'A', 2),
(2489, 16, 172, 'nok', NULL, NULL, '', NULL),
(2503, 81, 174, 'nok', NULL, NULL, '', NULL),
(2502, 72, 174, 'nok', NULL, NULL, '', NULL),
(2501, 62, 174, 'ok', 2, 1, 'A', 2),
(2500, 52, 174, 'ok', 0, 0, 'B', 5),
(2513, 45, 174, 'nok', NULL, NULL, '', NULL),
(2512, 21, 174, 'nok', NULL, NULL, '', NULL),
(2497, 2, 174, 'ok', 0, 1, 'A', 1),
(2504, 59, 174, 'ok', 1, 2, 'B', 3),
(2505, 82, 174, 'nok', NULL, NULL, '', NULL),
(2506, 91, 174, 'ok', 3, 1, 'B', 1),
(2507, 31, 174, 'ok', 0, 0, 'B', 4),
(2508, 53, 174, 'ok', 1, 1, 'B', 2),
(2509, 89, 174, 'nok', NULL, NULL, '', NULL),
(2516, 76, 174, 'nok', NULL, NULL, '', NULL),
(2511, 90, 174, 'nok', NULL, NULL, '', NULL),
(2514, 64, 174, 'ok', 1, 1, 'A', 3),
(2515, 71, 174, 'ok', 0, 0, 'A', 4),
(2517, 77, 174, 'nok', NULL, NULL, '', NULL),
(2592, 71, 178, 'ok', 2, 0, 'A', 6),
(2519, 2, 175, 'ok', 4, 2, 'B', 1),
(2520, 21, 175, 'ok', 2, 1, 'A', 1),
(2535, 45, 175, 'nok', NULL, NULL, '', NULL),
(2522, 52, 175, 'ok', 1, 0, 'B', 6),
(2523, 62, 175, 'ok', 0, 4, 'A', 2),
(2524, 72, 175, 'nok', NULL, NULL, '', NULL),
(2525, 53, 175, 'ok', 3, 0, 'A', 3),
(2526, 64, 175, 'ok', 0, 2, 'B', 4),
(2528, 66, 175, 'ok', 0, 1, 'B', 3),
(2533, 31, 175, 'nok', NULL, NULL, '', NULL),
(2530, 59, 175, 'ok', 3, 1, 'B', 5),
(2531, 91, 175, 'ok', 2, 3, 'B', 2),
(2532, 71, 175, 'ok', 0, 0, 'A', 6),
(2534, 81, 175, 'ok', 1, 1, 'A', 5),
(2536, 76, 175, 'ok', 3, 2, 'A', 4),
(2537, 2, 176, 'ok', 0, 1, 'B', 1),
(2538, 21, 176, 'ok', 3, 2, 'A', 1),
(2548, 45, 176, 'nok', NULL, NULL, '', NULL),
(2540, 52, 176, 'ok', 1, 1, 'A', 6),
(2541, 62, 176, 'ok', 3, 0, 'B', 2),
(2542, 72, 176, 'nok', NULL, NULL, '', NULL),
(2543, 64, 176, 'ok', 0, 0, 'A', 4),
(2544, 81, 176, 'ok', 0, 1, 'B', 6),
(2545, 66, 176, 'nok', NULL, NULL, '', NULL),
(2546, 59, 176, 'ok', 4, 4, 'A', 5),
(2547, 53, 176, 'ok', 0, 1, 'B', 4),
(2549, 91, 176, 'ok', 7, 1, 'A', 3),
(2550, 16, 176, 'ok', 1, 0, 'A', 2),
(2551, 14, 176, 'ok', 1, 1, 'B', 3),
(2552, 76, 176, 'ok', 1, 0, 'B', 5),
(2553, 2, 177, 'ok', 3, 2, 'A', 2),
(2554, 21, 177, 'ok', 3, 1, 'A', 1),
(2562, 45, 177, 'nok', NULL, NULL, '', NULL),
(2556, 52, 177, 'ok', 2, 0, 'B', 6),
(2557, 62, 177, 'ok', 2, 3, 'B', 2),
(2558, 72, 177, 'nok', NULL, NULL, '', NULL),
(2559, 91, 177, 'ok', 4, 2, 'B', 1),
(2560, 81, 177, 'ok', 3, 1, 'A', 5),
(2561, 53, 177, 'ok', 2, 1, 'B', 3),
(2563, 59, 177, 'ok', 0, 1, 'A', 4),
(2564, 64, 177, 'ok', 0, 1, 'B', 4),
(2565, 76, 177, 'ok', 1, 1, 'B', 5),
(2566, 58, 177, 'nok', NULL, NULL, '', NULL),
(2567, 56, 177, 'nok', NULL, NULL, '', NULL),
(2569, 66, 177, 'ok', 0, 1, 'A', 3),
(2570, 90, 177, 'nok', NULL, NULL, '', NULL),
(2571, 89, 177, 'nok', NULL, NULL, '', NULL),
(2572, 14, 177, 'nok', NULL, NULL, '', NULL),
(2573, 16, 177, 'nok', NULL, NULL, '', NULL),
(2574, 77, 177, 'nok', NULL, NULL, '', NULL),
(2575, 71, 177, 'nok', NULL, NULL, '', NULL),
(2576, 85, 177, 'ok', NULL, NULL, 'A', 6),
(2577, 2, 178, 'ok', 0, 0, 'A', 1),
(2591, 21, 178, 'nok', NULL, NULL, '', NULL),
(2579, 45, 178, 'ok', 2, 2, 'A', 4),
(2580, 52, 178, 'ok', 0, 0, 'A', 5),
(2581, 62, 178, 'ok', 3, 4, 'A', 2),
(2582, 72, 178, 'nok', NULL, NULL, '', NULL),
(2583, 66, 178, 'ok', 1, 1, 'B', 3),
(2584, 64, 178, 'ok', 2, 0, 'A', 3),
(2585, 90, 178, 'nok', NULL, NULL, '', NULL),
(2586, 59, 178, 'nok', NULL, NULL, '', NULL),
(2587, 91, 178, 'nok', NULL, NULL, '', NULL),
(2588, 81, 178, 'ok', 0, 2, 'B', 5),
(2589, 53, 178, 'ok', 1, 1, 'B', 2),
(2590, 76, 178, 'ok', 2, 1, 'B', 4),
(2595, 2, 179, 'ok', 2, 1, 'B', 1),
(2612, 21, 179, 'nok', NULL, NULL, '', NULL),
(2597, 45, 179, 'ok', 1, 1, 'A', 5),
(2598, 52, 179, 'ok', 0, 0, 'A', 6),
(2599, 62, 179, 'ok', 3, 2, 'B', 2),
(2600, 72, 179, 'nok', NULL, NULL, '', NULL),
(2601, 81, 179, 'ok', 0, 0, 'B', 6),
(2602, 56, 179, 'nok', NULL, NULL, '', NULL),
(2603, 64, 179, 'ok', 0, 2, 'B', 4),
(2604, 53, 179, 'ok', 0, 1, 'B', 3),
(2605, 66, 179, 'nok', NULL, NULL, '', NULL),
(2606, 91, 179, 'ok', 4, 3, 'A', 1),
(2607, 89, 179, 'nok', NULL, NULL, '', NULL),
(2608, 76, 179, 'ok', 2, 1, 'B', 5),
(2609, 59, 179, 'ok', 0, 2, 'A', 4),
(2610, 16, 179, 'ok', 0, 0, 'A', 2),
(2611, 90, 179, 'nok', NULL, NULL, '', NULL),
(2613, 14, 179, 'ok', 2, 1, 'A', 3),
(2614, 77, 179, 'nok', NULL, NULL, '', NULL),
(2615, 71, 179, 'ok', NULL, NULL, '', NULL),
(2616, 2, 180, 'ok', 3, 2, 'A', 2),
(2617, 16, 180, 'ok', 0, 0, 'A', 1),
(2634, 45, 180, 'nok', NULL, NULL, '', NULL),
(2619, 52, 180, 'ok', 0, 0, 'A', 6),
(2620, 62, 180, 'ok', 2, 1, 'B', 2),
(2621, 72, 180, 'nok', NULL, NULL, '', NULL),
(2622, 81, 180, 'ok', 0, 1, 'B', 6),
(2623, 56, 180, 'nok', NULL, NULL, '', NULL),
(2624, 66, 180, 'ok', 0, 1, 'B', 4),
(2625, 91, 180, 'ok', 5, 2, 'B', 1),
(2626, 59, 180, 'ok', 3, 3, 'A', 4),
(2627, 14, 180, 'ok', 3, 2, 'A', 3),
(2628, 53, 180, 'ok', 0, 0, 'B', 3),
(2629, 76, 180, 'ok', 3, 1, 'B', 5),
(2630, 31, 180, 'ok', 2, 1, 'A', 5),
(2631, 77, 180, 'nok', NULL, NULL, '', NULL),
(2632, 64, 180, 'nok', NULL, NULL, '', NULL),
(2633, 16, 180, 'ok', 0, 0, '', NULL),
(2635, 2, 181, 'ok', 3, 2, 'A', 2),
(2636, 21, 181, 'ok', 3, 2, 'A', 1),
(2637, 45, 181, 'ok', 0, 0, 'B', 5),
(2638, 52, 181, 'ok', 0, 0, 'B', 6),
(2639, 62, 181, 'ok', 0, 3, 'B', 2),
(2640, 72, 181, 'nok', NULL, NULL, '', NULL),
(2641, 59, 181, 'ok', 2, 1, 'B', 4),
(2642, 66, 181, 'ok', 0, 1, 'B', 3),
(2643, 91, 181, 'ok', 2, 1, 'B', 1),
(2644, 53, 181, 'ok', 0, 1, 'A', 3),
(2645, 90, 181, 'nok', NULL, NULL, '', NULL),
(2646, 76, 181, 'ok', 1, 1, 'A', 4),
(2647, 81, 181, 'ok', 1, 0, 'A', 5),
(2648, 31, 181, 'nok', NULL, NULL, '', NULL),
(2649, 14, 181, 'nok', NULL, NULL, '', NULL),
(2650, 93, 181, 'ok', 0, 0, 'A', 6),
(2651, 61, 181, 'ok', NULL, NULL, '', NULL),
(2652, 16, 181, 'ok', 0, 0, '', NULL),
(2653, 77, 181, 'nok', NULL, NULL, '', NULL),
(2654, 71, 181, 'nok', NULL, NULL, '', NULL),
(2655, 2, 182, 'ok', 2, 1, 'A', 2),
(2675, 16, 182, 'nok', NULL, NULL, '', NULL),
(2657, 21, 182, 'ok', 1, 2, 'A', 1),
(2670, 45, 182, 'nok', NULL, NULL, '', NULL),
(2659, 52, 182, 'ok', 0, 0, 'B', 6),
(2660, 62, 182, 'ok', 3, 4, 'B', 2),
(2661, 72, 182, 'nok', NULL, NULL, '', NULL),
(2662, 66, 182, 'ok', 0, 1, 'B', 5),
(2669, 93, 182, 'nok', NULL, NULL, '', NULL),
(2664, 64, 182, 'ok', 0, 0, 'B', 3),
(2665, 91, 182, 'ok', 5, 1, 'B', 1),
(2666, 81, 182, 'ok', 0, 0, 'A', 5),
(2667, 59, 182, 'ok', 0, 0, 'B', 4),
(2668, 53, 182, 'ok', 0, 1, 'A', 3),
(2671, 61, 182, 'ok', NULL, NULL, 'A', 6),
(2672, 76, 182, 'ok', 1, 0, 'A', 4),
(2673, 77, 182, 'nok', NULL, NULL, '', NULL),
(2674, 14, 182, 'nok', NULL, NULL, '', NULL),
(2676, 31, 182, 'nok', NULL, NULL, '', NULL),
(2677, 2, 183, 'ok', 2, 4, 'A', 1),
(2678, 16, 183, 'nok', NULL, NULL, '', NULL),
(2696, 21, 183, 'nok', NULL, NULL, '', NULL),
(2680, 45, 183, 'ok', 3, 0, 'B', 5),
(2681, 52, 183, 'ok', 0, 0, 'A', 6),
(2682, 62, 183, 'ok', 0, 0, 'B', 2),
(2683, 72, 183, 'nok', NULL, NULL, '', NULL),
(2684, 81, 183, 'ok', 0, 0, 'B', 6),
(2685, 64, 183, 'ok', 0, 0, 'A', 2),
(2686, 29, 183, 'nok', NULL, NULL, '', NULL),
(2698, 66, 183, 'nok', NULL, NULL, '', NULL),
(2688, 90, 183, 'nok', NULL, NULL, '', NULL),
(2689, 59, 183, 'ok', 2, 1, 'B', 3),
(2691, 77, 183, 'nok', NULL, NULL, '', NULL),
(2692, 53, 183, 'ok', 0, 1, 'A', 3),
(2693, 93, 183, 'ok', 0, 1, 'B', 4),
(2694, 76, 183, 'ok', 0, 0, 'A', 4),
(2695, 31, 183, 'ok', 1, 0, 'A', 5),
(2697, 91, 183, 'ok', 4, 3, 'B', 1),
(2715, 2, 184, 'nok', NULL, NULL, '', NULL),
(2714, 16, 184, 'nok', NULL, NULL, '', NULL),
(2720, 21, 184, 'nok', NULL, NULL, '', NULL),
(2702, 45, 184, 'ok', 3, 2, 'B', 4),
(2703, 52, 184, 'ok', 0, 0, 'B', 5),
(2704, 62, 184, 'ok', 3, 2, 'B', 1),
(2705, 76, 184, 'ok', 0, 0, 'A', 3),
(2706, 72, 184, 'nok', NULL, NULL, '', NULL),
(2707, 91, 184, 'ok', 2, 1, 'A', 1),
(2708, 81, 184, 'nok', NULL, NULL, '', NULL),
(2709, 93, 184, 'nok', NULL, NULL, '', NULL),
(2710, 59, 184, 'ok', 2, 1, 'B', 2),
(2711, 77, 184, 'nok', NULL, NULL, '', NULL),
(2712, 90, 184, 'nok', NULL, NULL, '', NULL),
(2713, 31, 184, 'ok', 0, 0, 'A', 4),
(2716, 66, 184, 'nok', NULL, NULL, '', NULL),
(2717, 65, 184, 'ok', NULL, NULL, 'A', 2),
(2718, 69, 184, 'ok', NULL, NULL, 'B', 3),
(2719, 85, 184, 'ok', NULL, NULL, 'A', 5),
(2722, 86, 184, 'nok', NULL, NULL, '', NULL),
(2723, 2, 185, 'ok', 3, 1, 'A', 2),
(2744, 16, 185, 'ok', 3, 1, 'A', 3),
(2725, 21, 185, 'ok', 0, 1, 'A', 1),
(2726, 45, 185, 'nok', NULL, NULL, '', NULL),
(2727, 52, 185, 'ok', 0, 0, 'B', 5),
(2728, 62, 185, 'ok', 3, 4, 'B', 2),
(2729, 76, 185, 'nok', NULL, NULL, '', NULL),
(2730, 72, 185, 'nok', NULL, NULL, '', NULL),
(2731, 81, 185, 'ok', 0, 0, 'B', 4),
(2732, 64, 185, 'ok', 0, 0, 'A', 4),
(2733, 59, 185, 'nok', NULL, NULL, '', NULL),
(2734, 91, 185, 'ok', 0, 0, 'B', 1),
(2737, 53, 185, 'ok', 0, 1, 'B', 3),
(2738, 77, 185, 'nok', NULL, NULL, '', NULL),
(2739, 89, 185, 'nok', NULL, NULL, '', NULL),
(2740, 86, 185, 'ok', NULL, NULL, 'A', 5),
(2741, 85, 185, 'ok', NULL, NULL, 'B', 6),
(2742, 87, 185, 'ok', NULL, NULL, 'A', 6),
(2745, 2, 186, 'ok', 2, 2, 'A', 2),
(2768, 16, 186, 'nok', NULL, NULL, '', NULL),
(2747, 21, 186, 'ok', 3, 1, 'B', 1),
(2759, 45, 186, 'nok', NULL, NULL, '', NULL),
(2749, 52, 186, 'ok', 0, 0, 'A', 4),
(2750, 62, 186, 'ok', 3, 0, 'B', 2),
(2764, 76, 186, 'nok', NULL, NULL, '', NULL),
(2752, 72, 186, 'nok', NULL, NULL, '', NULL),
(2753, 64, 186, 'nok', NULL, NULL, '', NULL),
(2756, 91, 186, 'ok', 4, 3, 'A', 1),
(2757, 77, 186, 'nok', NULL, NULL, '', NULL),
(2758, 90, 186, 'nok', NULL, NULL, '', NULL),
(2760, 89, 186, 'nok', NULL, NULL, '', NULL),
(2761, 66, 186, 'ok', 0, 1, 'B', 3),
(2762, 53, 186, 'ok', 1, 0, 'A', 3),
(2763, 93, 186, 'nok', NULL, NULL, '', NULL),
(2765, 81, 186, 'ok', 0, 2, 'B', 4),
(2766, 31, 186, 'nok', NULL, NULL, '', NULL),
(2767, 94, 186, 'ok', NULL, NULL, 'B', 5),
(2769, 71, 186, 'nok', NULL, NULL, '', NULL),
(2770, 85, 186, 'ok', NULL, NULL, 'A', 5),
(2789, 2, 187, 'nok', NULL, NULL, '', NULL),
(2772, 16, 187, 'ok', 2, 0, 'B', 2),
(2773, 21, 187, 'ok', 0, 1, 'A', 1),
(2774, 45, 187, 'ok', 0, 0, 'A', 4),
(2775, 52, 187, 'ok', 0, 0, 'A', 5),
(2776, 62, 187, 'ok', 0, 0, 'A', 2),
(2777, 76, 187, 'ok', 0, 2, 'B', 4),
(2778, 72, 187, 'nok', NULL, NULL, '', NULL),
(2779, 91, 187, 'nok', NULL, NULL, '', NULL),
(2780, 81, 187, 'ok', 0, 2, 'B', 5),
(2781, 77, 187, 'nok', NULL, NULL, '', NULL),
(2782, 53, 187, 'ok', 1, 0, 'A', 3),
(2783, 90, 187, 'nok', NULL, NULL, '', NULL),
(2784, 64, 187, 'ok', 0, 0, 'B', 3),
(2785, 93, 187, 'nok', NULL, NULL, '', NULL),
(2786, 66, 187, 'nok', NULL, NULL, '', NULL),
(2787, 59, 187, 'nok', NULL, NULL, '', NULL),
(2788, 80, 187, 'ok', 1, 0, 'B', 1),
(2790, 71, 187, 'nok', NULL, NULL, '', NULL),
(2826, 77, 189, 'nok', NULL, NULL, '', NULL),
(2825, 31, 189, 'ok', 0, 0, 'A', 4),
(2824, 81, 189, 'ok', 0, 0, 'B', 4),
(2823, 61, 189, 'ok', NULL, NULL, 'A', 5),
(2822, 59, 189, 'ok', 0, 0, 'A', 2),
(2821, 93, 189, 'nok', NULL, NULL, '', NULL),
(2820, 64, 189, 'ok', NULL, NULL, 'B', 2),
(2819, 72, 189, 'nok', NULL, NULL, '', NULL),
(2818, 76, 189, 'ok', 1, 0, 'A', 3),
(2828, 62, 189, 'nok', NULL, NULL, '', NULL),
(2816, 52, 189, 'ok', 0, 0, 'B', 5),
(2815, 45, 189, 'ok', 0, 0, 'B', 3),
(2814, 21, 189, 'ok', 0, 0, 'A', 1),
(2813, 16, 189, 'ok', 1, 0, 'B', 1),
(2827, 2, 189, 'nok', NULL, NULL, '', NULL),
(2829, 2, 190, 'ok', 1, 2, 'A', 2),
(2844, 16, 190, 'nok', NULL, NULL, '', NULL),
(2831, 21, 190, 'ok', 0, 0, 'B', 1),
(2832, 45, 190, 'ok', 1, 1, 'B', 5),
(2833, 52, 190, 'ok', 0, 0, 'B', 6),
(2834, 62, 190, 'ok', 1, 1, 'B', 2),
(2835, 76, 190, 'ok', 0, 1, 'A', 4),
(2836, 72, 190, 'nok', NULL, NULL, '', NULL),
(2837, 64, 190, 'nok', NULL, NULL, '', NULL),
(2838, 91, 190, 'ok', 4, 2, 'A', 1),
(2839, 93, 190, 'nok', NULL, NULL, '', NULL),
(2840, 31, 190, 'ok', 0, 0, 'A', 5),
(2841, 59, 190, 'ok', 3, 0, 'B', 4),
(2842, 53, 190, 'ok', 0, 0, 'B', 3),
(2843, 94, 190, 'ok', NULL, NULL, 'A', 6),
(2845, 56, 190, 'nok', NULL, NULL, '', NULL),
(2846, 95, 190, 'ok', 2, 1, 'A', 3),
(2847, 89, 190, 'nok', NULL, NULL, '', NULL),
(2848, 2, 191, 'ok', 2, 3, 'A', 2),
(2849, 16, 191, 'ok', NULL, NULL, 'A', 4),
(2850, 21, 191, 'ok', 4, 1, 'B', 1),
(2857, 45, 191, 'nok', NULL, NULL, '', NULL),
(2852, 52, 191, 'ok', 0, 0, 'A', 6),
(2853, 62, 191, 'ok', 2, 2, 'B', 2),
(2854, 76, 191, 'ok', 1, 1, 'B', 5),
(2855, 66, 191, 'nok', NULL, NULL, '', NULL),
(2856, 72, 191, 'nok', NULL, NULL, '', NULL),
(2858, 89, 191, 'nok', NULL, NULL, '', NULL),
(2859, 91, 191, 'ok', 1, 4, 'A', 1),
(2860, 53, 191, 'ok', 0, 1, 'B', 3),
(2861, 61, 191, 'ok', NULL, NULL, 'B', 6),
(2862, 93, 191, 'nok', NULL, NULL, '', NULL),
(2863, 95, 191, 'ok', 9, 4, 'A', 3),
(2864, 56, 191, 'nok', NULL, NULL, '', NULL),
(2865, 31, 191, 'nok', NULL, NULL, '', NULL),
(2866, 65, 191, 'ok', NULL, NULL, 'B', 4),
(2867, 69, 191, 'ok', NULL, NULL, 'A', 5),
(2924, 2, 195, 'ok', 4, 2, 'A', 2),
(2925, 21, 195, 'ok', 5, 3, 'B', 1),
(2926, 45, 195, 'ok', 0, 0, 'A', 4),
(2927, 52, 195, 'ok', 3, 0, 'B', 4),
(2928, 62, 195, 'ok', 4, 2, 'B', 2),
(2929, 76, 195, 'ok', 0, 0, 'A', 3),
(2930, 16, 195, 'nok', NULL, NULL, '', NULL),
(2931, 66, 195, 'nok', NULL, NULL, '', NULL),
(2932, 64, 195, 'nok', NULL, NULL, '', NULL),
(2933, 72, 195, 'nok', NULL, NULL, '', NULL),
(2939, 14, 195, 'nok', NULL, NULL, '', NULL),
(2935, 81, 195, 'nok', NULL, NULL, '', NULL),
(2936, 31, 195, 'ok', 1, 1, 'B', 5),
(2937, 93, 195, 'ok', 0, 1, 'A', 5),
(2938, 91, 195, 'ok', 5, 3, 'A', 1),
(2940, 53, 195, 'ok', 1, 0, 'B', 3),
(2941, 96, 195, 'nok', NULL, NULL, '', NULL),
(2954, 2, 196, 'nok', NULL, NULL, '', NULL),
(2943, 21, 196, 'ok', 6, 3, 'B', 1),
(2956, 45, 196, 'nok', NULL, NULL, '', NULL),
(2945, 52, 196, 'ok', 3, 1, 'A', 4),
(2962, 62, 196, 'nok', NULL, NULL, '', NULL),
(2947, 76, 196, 'ok', 0, 0, 'B', 3),
(2948, 16, 196, 'nok', NULL, NULL, '', NULL),
(2949, 66, 196, 'nok', NULL, NULL, '', NULL),
(2950, 64, 196, 'nok', NULL, NULL, '', NULL),
(2951, 72, 196, 'nok', NULL, NULL, '', NULL),
(2952, 53, 196, 'ok', 2, 2, 'B', 2),
(2953, 91, 196, 'ok', 10, 2, 'A', 1),
(2955, 96, 196, 'nok', NULL, NULL, '', NULL),
(2957, 31, 196, 'ok', 4, 1, 'B', 4),
(2958, 93, 196, 'ok', 1, 2, 'A', 3),
(2959, 56, 196, 'nok', NULL, NULL, '', NULL),
(2960, 89, 196, 'nok', NULL, NULL, '', NULL),
(2961, 71, 196, 'nok', NULL, NULL, '', NULL),
(2963, 65, 196, 'ok', NULL, NULL, 'A', 2),
(2964, 2, 197, 'ok', 6, 5, 'B', 1),
(2976, 21, 197, 'nok', NULL, NULL, '', NULL),
(2966, 45, 197, 'ok', 1, 1, 'A', 3),
(2967, 52, 197, 'ok', 0, 2, 'B', 4),
(2968, 62, 197, 'ok', 2, 3, 'A', 2),
(2969, 76, 197, 'ok', 3, 2, 'B', 3),
(2970, 16, 197, 'nok', NULL, NULL, '', NULL),
(2971, 66, 197, 'nok', NULL, NULL, '', NULL),
(2972, 64, 197, 'nok', NULL, NULL, '', NULL),
(2973, 72, 197, 'nok', NULL, NULL, '', NULL),
(2974, 53, 197, 'ok', 0, 2, 'A', 4),
(2975, 91, 197, 'ok', 9, 2, 'A', 1),
(2977, 96, 197, 'ok', 6, 5, 'B', 2),
(2978, 31, 197, 'nok', NULL, NULL, '', NULL),
(2979, 93, 197, 'nok', NULL, NULL, '', NULL),
(2980, 2, 198, 'ok', 4, 4, 'A', 2),
(2996, 21, 198, 'nok', NULL, NULL, '', NULL),
(2982, 45, 198, 'ok', 1, 1, 'B', 4),
(2983, 52, 198, 'ok', 2, 0, 'A', 5),
(2984, 62, 198, 'ok', 0, 4, 'B', 2),
(2985, 76, 198, 'ok', 2, 0, 'B', 3),
(2986, 16, 198, 'nok', NULL, NULL, '', NULL),
(2987, 66, 198, 'nok', NULL, NULL, '', NULL),
(2988, 64, 198, 'nok', NULL, NULL, '', NULL),
(2989, 72, 198, 'nok', NULL, NULL, '', NULL),
(2990, 53, 198, 'ok', 1, 0, 'A', 3),
(2991, 91, 198, 'ok', 2, 2, 'B', 1),
(2992, 71, 198, 'nok', NULL, NULL, '', NULL),
(2993, 96, 198, 'ok', 4, 6, 'A', 1),
(2994, 93, 198, 'ok', 2, 1, 'A', 4),
(2995, 31, 198, 'nok', NULL, NULL, '', NULL),
(2997, 86, 198, 'ok', NULL, NULL, 'B', 5),
(2998, 91, 199, 'ok', 4, 3, 'A', 1),
(2999, 2, 199, 'ok', 3, 4, 'A', 2),
(3000, 21, 199, 'ok', 4, 2, 'B', 1),
(3001, 45, 199, 'ok', 1, 1, 'B', 5),
(3002, 52, 199, 'ok', 0, 0, 'A', 5),
(3003, 62, 199, 'ok', 0, 0, 'B', 2),
(3004, 76, 199, 'ok', 5, 2, 'A', 4),
(3005, 16, 199, 'nok', NULL, NULL, '', NULL),
(3009, 66, 199, 'ok', 0, 0, 'B', 4),
(3007, 64, 199, 'nok', NULL, NULL, '', NULL),
(3008, 72, 199, 'nok', NULL, NULL, '', NULL),
(3010, 53, 199, 'ok', 0, 0, 'B', 3),
(3011, 93, 199, 'ok', 3, 0, 'A', 3),
(3025, 91, 200, 'nok', NULL, NULL, '', NULL),
(3013, 2, 200, 'ok', NULL, NULL, '', NULL),
(3026, 21, 200, 'nok', NULL, NULL, '', NULL),
(3015, 45, 200, 'ok', NULL, NULL, '', NULL),
(3024, 52, 200, 'nok', NULL, NULL, '', NULL),
(3017, 62, 200, 'ok', NULL, NULL, '', NULL),
(3018, 76, 200, 'ok', NULL, NULL, '', NULL),
(3019, 16, 200, 'nok', NULL, NULL, '', NULL),
(3020, 66, 200, 'nok', NULL, NULL, '', NULL),
(3021, 64, 200, 'nok', NULL, NULL, '', NULL),
(3022, 72, 200, 'nok', NULL, NULL, '', NULL),
(3023, 81, 200, 'nok', NULL, NULL, '', NULL),
(3027, 80, 200, 'ok', NULL, NULL, '', NULL),
(3028, 65, 200, 'ok', NULL, NULL, '', NULL),
(3029, 69, 200, 'ok', NULL, NULL, '', NULL),
(3030, 85, 200, 'ok', NULL, NULL, '', NULL),
(3031, 96, 200, 'nok', NULL, NULL, '', NULL),
(3032, 71, 199, 'nok', NULL, NULL, '', NULL),
(3047, 91, 201, 'nok', NULL, NULL, '', NULL),
(3034, 2, 201, 'ok', 0, 0, '', NULL),
(3044, 21, 201, 'nok', NULL, NULL, '', NULL),
(3036, 45, 201, 'ok', 1, 1, '', NULL),
(3037, 52, 201, 'ok', 1, 2, '', NULL),
(3038, 62, 201, 'ok', 0, 0, '', NULL),
(3039, 76, 201, 'ok', 4, 2, '', NULL),
(3040, 16, 201, 'nok', NULL, NULL, '', NULL),
(3041, 66, 201, 'nok', NULL, NULL, '', NULL),
(3042, 64, 201, 'nok', NULL, NULL, '', NULL),
(3043, 72, 201, 'nok', NULL, NULL, '', NULL),
(3045, 98, 201, 'ok', 0, 0, '', NULL),
(3046, 96, 201, 'ok', 4, 5, '', NULL),
(3048, 31, 199, 'ok', 0, 0, '', NULL),
(3049, 93, 201, 'nok', NULL, NULL, '', NULL),
(3050, 14, 199, 'ok', NULL, NULL, '', NULL),
(3051, 80, 201, 'ok', NULL, NULL, '', NULL),
(3052, 91, 202, 'ok', 1, 3, 'B', 1),
(3074, 2, 202, 'nok', NULL, NULL, '', NULL),
(3054, 21, 202, 'ok', 0, 0, 'A', 2),
(3055, 45, 202, 'ok', 1, 1, 'B', 5),
(3056, 52, 202, 'ok', 2, 2, 'A', 5),
(3090, 62, 202, 'nok', NULL, NULL, '', NULL),
(3058, 76, 202, 'ok', 4, 3, 'A', 4),
(3059, 16, 202, 'nok', NULL, NULL, '', NULL),
(3060, 66, 202, 'nok', NULL, NULL, '', NULL),
(3061, 64, 202, 'nok', NULL, NULL, '', NULL),
(3062, 72, 202, 'nok', NULL, NULL, '', NULL),
(3063, 14, 202, 'ok', NULL, NULL, 'A', 3),
(3064, 93, 202, 'ok', 0, 1, 'B', 2),
(3065, 99, 201, 'ok', 0, 0, '', NULL),
(3091, 31, 202, 'nok', NULL, NULL, '', NULL),
(3067, 53, 202, 'ok', 0, 0, 'B', 4),
(3068, 96, 202, 'ok', 7, 4, 'A', 1),
(3069, 65, 201, 'ok', NULL, NULL, '', NULL),
(3070, 69, 201, 'ok', NULL, NULL, '', NULL),
(3071, 85, 201, 'ok', NULL, NULL, '', NULL),
(3073, 98, 202, 'nok', NULL, NULL, '', NULL),
(3089, 91, 203, 'nok', NULL, NULL, '', NULL),
(3086, 2, 203, 'nok', NULL, NULL, '', NULL),
(3087, 21, 203, 'nok', NULL, NULL, '', NULL),
(3099, 45, 203, 'nok', NULL, NULL, '', NULL),
(3094, 52, 203, 'nok', NULL, NULL, '', NULL),
(3080, 62, 203, 'ok', NULL, NULL, '', NULL),
(3096, 76, 203, 'nok', NULL, NULL, '', NULL),
(3082, 16, 203, 'nok', NULL, NULL, '', NULL),
(3083, 66, 203, 'nok', NULL, NULL, '', NULL),
(3084, 64, 203, 'nok', NULL, NULL, '', NULL),
(3085, 72, 203, 'nok', NULL, NULL, '', NULL),
(3088, 98, 203, 'ok', NULL, NULL, '', NULL),
(3092, 31, 203, 'nok', NULL, NULL, '', NULL),
(3093, 61, 203, 'ok', NULL, NULL, '', NULL),
(3095, 65, 202, 'ok', NULL, NULL, 'B', 3),
(3097, 93, 203, 'nok', NULL, NULL, '', NULL),
(3098, 53, 203, 'nok', NULL, NULL, '', NULL),
(3100, 91, 204, 'ok', 5, 3, 'A', 1),
(3101, 2, 204, 'ok', 4, 3, 'A', 2),
(3102, 21, 204, 'ok', 3, 3, 'B', 1),
(3103, 45, 204, 'ok', 1, 1, 'A', 4),
(3104, 52, 204, 'ok', 0, 0, 'B', 5),
(3105, 62, 204, 'ok', 5, 3, 'B', 2),
(3106, 76, 204, 'ok', 4, 3, 'B', 3),
(3107, 16, 204, 'nok', NULL, NULL, '', NULL),
(3119, 66, 204, 'nok', NULL, NULL, '', NULL),
(3109, 64, 204, 'nok', NULL, NULL, '', NULL),
(3110, 72, 204, 'nok', NULL, NULL, '', NULL),
(3115, 96, 204, 'nok', NULL, NULL, '', NULL),
(3113, 53, 204, 'ok', 1, 0, 'B', 4),
(3114, 98, 204, 'nok', NULL, NULL, '', NULL),
(3118, 61, 204, 'ok', NULL, NULL, 'A', 5),
(3140, 91, 205, 'ok', NULL, NULL, '', NULL),
(3121, 2, 205, 'ok', NULL, NULL, '', NULL),
(3134, 21, 205, 'nok', NULL, NULL, '', NULL),
(3123, 45, 205, 'ok', NULL, NULL, '', NULL),
(3124, 52, 205, 'ok', NULL, NULL, '', NULL),
(3125, 62, 205, 'ok', NULL, NULL, '', NULL),
(3126, 76, 205, 'ok', NULL, NULL, '', NULL),
(3127, 16, 205, 'nok', NULL, NULL, '', NULL),
(3128, 66, 205, 'nok', NULL, NULL, '', NULL),
(3129, 64, 205, 'nok', NULL, NULL, '', NULL),
(3130, 72, 205, 'nok', NULL, NULL, '', NULL),
(3131, 77, 204, 'nok', NULL, NULL, '', NULL),
(3132, 77, 205, 'nok', NULL, NULL, '', NULL),
(3133, 98, 205, 'ok', NULL, NULL, '', NULL),
(3136, 93, 204, 'ok', 1, 0, 'A', 3),
(3137, 80, 205, 'ok', NULL, NULL, '', NULL),
(3138, 95, 205, 'ok', NULL, NULL, '', NULL),
(3139, 95, 204, 'ok', 1, 0, '', NULL),
(3141, 93, 205, 'nok', NULL, NULL, '', NULL),
(3142, 96, 205, 'ok', NULL, NULL, '', NULL),
(3143, 31, 205, 'ok', NULL, NULL, '', NULL),
(3144, 91, 206, 'ok', 5, 5, 'B', 1),
(3162, 2, 206, 'nok', NULL, NULL, '', NULL),
(3146, 21, 206, 'ok', 5, 8, 'A', 2),
(3161, 45, 206, 'nok', NULL, NULL, '', NULL),
(3148, 52, 206, 'ok', 0, 0, 'B', 4),
(3149, 62, 206, 'ok', 0, 0, 'B', 2),
(3150, 76, 206, 'ok', 0, 0, 'B', 3),
(3151, 16, 206, 'nok', NULL, NULL, '', NULL),
(3152, 66, 206, 'nok', NULL, NULL, '', NULL),
(3153, 64, 206, 'nok', NULL, NULL, '', NULL),
(3154, 72, 206, 'nok', NULL, NULL, '', NULL),
(3155, 31, 206, 'ok', 1, 0, 'A', 4),
(3156, 93, 206, 'ok', 1, 2, 'A', 3),
(3157, 96, 206, 'ok', 0, 0, 'A', 1),
(3158, 53, 206, 'nok', NULL, NULL, '', NULL),
(3181, 98, 206, 'ok', 9, 2, 'A', 5),
(3184, 91, 207, 'nok', NULL, NULL, '', NULL),
(3174, 2, 207, 'nok', NULL, NULL, '', NULL),
(3179, 21, 207, 'nok', NULL, NULL, '', NULL),
(3182, 45, 207, 'nok', NULL, NULL, '', NULL),
(3167, 52, 207, 'ok', NULL, NULL, '', NULL),
(3168, 62, 207, 'ok', NULL, NULL, '', NULL),
(3169, 76, 207, 'ok', NULL, NULL, '', NULL),
(3170, 16, 207, 'nok', NULL, NULL, '', NULL),
(3171, 66, 207, 'nok', NULL, NULL, '', NULL),
(3172, 64, 207, 'nok', NULL, NULL, '', NULL),
(3173, 72, 207, 'nok', NULL, NULL, '', NULL),
(3185, 96, 207, 'nok', NULL, NULL, '', NULL),
(3176, 99, 207, 'nok', NULL, NULL, '', NULL),
(3177, 99, 206, 'nok', NULL, NULL, '', NULL),
(3178, 98, 207, 'ok', NULL, NULL, '', NULL),
(3180, 80, 207, 'ok', NULL, NULL, '', NULL),
(3183, 86, 206, 'ok', NULL, NULL, 'B', 5),
(3186, 91, 208, 'ok', 5, 4, 'A', 5),
(3187, 2, 208, 'ok', 4, 3, 'B', 2),
(3188, 21, 208, 'ok', 3, 4, 'A', 2),
(3201, 45, 208, 'nok', NULL, NULL, '', NULL),
(3190, 52, 208, 'ok', 0, 0, 'B', 5),
(3191, 62, 208, 'ok', 3, 2, 'A', 3),
(3192, 76, 208, 'ok', 0, 0, 'B', 4),
(3193, 16, 208, 'nok', NULL, NULL, '', NULL),
(3199, 66, 208, 'ok', 2, 3, 'A', 4),
(3195, 64, 208, 'nok', NULL, NULL, '', NULL),
(3196, 72, 208, 'nok', NULL, NULL, '', NULL),
(3197, 93, 208, 'ok', 2, 1, 'B', 3),
(3198, 98, 208, 'ok', 5, 3, 'A', 1),
(3204, 96, 208, 'nok', NULL, NULL, '', NULL),
(3202, 99, 208, 'ok', 9, 0, 'B', 1),
(3203, 31, 208, 'nok', NULL, NULL, '', NULL),
(3205, 91, 209, 'ok', 8, 5, 'B', 4),
(3206, 2, 209, 'ok', 5, 4, 'A', 3),
(3207, 21, 209, 'ok', 4, 4, 'B', 2),
(3239, 45, 209, 'nok', NULL, NULL, '', NULL),
(3209, 52, 209, 'ok', 0, 0, 'B', 5),
(3210, 62, 209, 'ok', 5, 4, 'B', 3),
(3231, 76, 209, 'nok', NULL, NULL, '', NULL),
(3212, 16, 209, 'nok', NULL, NULL, '', NULL),
(3234, 66, 209, 'ok', 0, 0, 'A', 2),
(3214, 64, 209, 'nok', NULL, NULL, '', NULL),
(3215, 72, 209, 'nok', NULL, NULL, '', NULL),
(3233, 91, 210, 'nok', NULL, NULL, '', NULL),
(3227, 2, 210, 'nok', NULL, NULL, '', NULL),
(3237, 21, 210, 'nok', NULL, NULL, '', NULL),
(3240, 45, 210, 'nok', NULL, NULL, '', NULL),
(3238, 52, 210, 'nok', NULL, NULL, '', NULL),
(3221, 62, 210, 'ok', NULL, NULL, '', NULL),
(3230, 76, 210, 'nok', NULL, NULL, '', NULL),
(3223, 16, 210, 'nok', NULL, NULL, '', NULL),
(3224, 66, 210, 'nok', NULL, NULL, '', NULL),
(3225, 64, 210, 'nok', NULL, NULL, '', NULL),
(3226, 72, 210, 'nok', NULL, NULL, '', NULL),
(3228, 98, 210, 'ok', NULL, NULL, '', NULL),
(3229, 98, 209, 'ok', 6, 6, 'B', 1),
(3232, 96, 209, 'ok', 0, 0, 'A', 1),
(3235, 53, 210, 'nok', NULL, NULL, '', NULL),
(3236, 53, 209, 'ok', 0, 1, 'A', 4),
(3241, 99, 210, 'ok', NULL, NULL, '', NULL),
(3242, 99, 209, 'ok', 8, 5, 'A', 5),
(3260, 91, 211, 'nok', NULL, NULL, '', NULL),
(3254, 2, 211, 'nok', NULL, NULL, '', NULL),
(3257, 21, 211, 'nok', NULL, NULL, '', NULL),
(3256, 45, 211, 'nok', NULL, NULL, '', NULL),
(3259, 52, 211, 'nok', NULL, NULL, '', NULL),
(3248, 62, 211, 'ok', NULL, NULL, '', NULL),
(3249, 76, 211, 'ok', NULL, NULL, '', NULL),
(3250, 16, 211, 'nok', NULL, NULL, '', NULL),
(3251, 66, 211, 'nok', NULL, NULL, '', NULL),
(3252, 64, 211, 'nok', NULL, NULL, '', NULL),
(3253, 72, 211, 'nok', NULL, NULL, '', NULL),
(3255, 98, 211, 'ok', NULL, NULL, '', NULL),
(3258, 99, 211, 'nok', NULL, NULL, '', NULL),
(3261, 96, 211, 'nok', NULL, NULL, '', NULL),
(3262, 80, 211, 'ok', NULL, NULL, '', NULL),
(3277, 91, 212, 'nok', NULL, NULL, '', NULL),
(3274, 2, 212, 'nok', NULL, NULL, '', NULL),
(3275, 21, 212, 'nok', NULL, NULL, '', NULL),
(3281, 45, 212, 'nok', NULL, NULL, '', NULL),
(3267, 52, 212, 'ok', NULL, NULL, '', NULL),
(3268, 62, 212, 'ok', NULL, NULL, '', NULL),
(3276, 76, 212, 'nok', NULL, NULL, '', NULL),
(3270, 16, 212, 'nok', NULL, NULL, '', NULL),
(3271, 66, 212, 'nok', NULL, NULL, '', NULL),
(3272, 64, 212, 'nok', NULL, NULL, '', NULL),
(3273, 72, 212, 'nok', NULL, NULL, '', NULL),
(3278, 96, 212, 'ok', NULL, NULL, '', NULL),
(3279, 98, 212, 'ok', NULL, NULL, '', NULL),
(3280, 80, 212, 'ok', NULL, NULL, '', NULL),
(3282, 91, 213, 'ok', 3, 9, 'B', 2),
(3299, 2, 213, 'nok', NULL, NULL, '', NULL),
(3296, 21, 213, 'nok', NULL, NULL, '', NULL),
(3298, 45, 213, 'nok', NULL, NULL, '', NULL),
(3286, 52, 213, 'ok', 0, 0, 'A', 4),
(3287, 62, 213, 'ok', 0, 0, 'B', 3),
(3288, 76, 213, 'ok', 0, 0, 'A', 3),
(3289, 16, 213, 'nok', NULL, NULL, '', NULL),
(3293, 66, 213, 'ok', 1, 1, 'B', 4),
(3291, 64, 213, 'nok', NULL, NULL, '', NULL),
(3292, 72, 213, 'nok', NULL, NULL, '', NULL),
(3294, 96, 213, 'ok', 7, 8, 'A', 1),
(3295, 98, 213, 'ok', 7, 2, 'B', 1),
(3301, 14, 213, 'nok', NULL, NULL, '', NULL),
(3300, 90, 213, 'ok', 6, 2, 'A', 2),
(3314, 91, 214, 'nok', NULL, NULL, '', NULL),
(3313, 2, 214, 'nok', NULL, NULL, '', NULL),
(3304, 21, 214, 'nok', NULL, NULL, '', NULL),
(3305, 45, 214, 'nok', NULL, NULL, '', NULL),
(3306, 52, 214, 'nok', NULL, NULL, '', NULL),
(3318, 62, 214, 'ok', NULL, NULL, '', NULL),
(3308, 76, 214, 'nok', NULL, NULL, '', NULL),
(3309, 16, 214, 'nok', NULL, NULL, '', NULL),
(3310, 66, 214, 'nok', NULL, NULL, '', NULL),
(3311, 64, 214, 'nok', NULL, NULL, '', NULL),
(3312, 72, 214, 'nok', NULL, NULL, '', NULL),
(3315, 95, 214, 'ok', NULL, NULL, '', NULL),
(3316, 96, 214, 'ok', NULL, NULL, '', NULL),
(3317, 98, 214, 'nok', NULL, NULL, '', NULL),
(3319, 90, 214, 'ok', NULL, NULL, '', NULL),
(3320, 91, 215, 'ok', 5, 2, 'B', 1),
(3321, 2, 215, 'ok', 3, 2, 'A', 1),
(3322, 21, 215, 'ok', 4, 1, 'A', 2),
(3337, 45, 215, 'nok', NULL, NULL, '', NULL),
(3324, 52, 215, 'ok', 0, 0, 'A', 5),
(3325, 62, 215, 'ok', 3, 2, 'A', 3),
(3326, 76, 215, 'ok', 0, 0, 'B', 4),
(3327, 16, 215, 'nok', NULL, NULL, '', NULL),
(3332, 66, 215, 'ok', 1, 2, 'A', 4),
(3329, 64, 215, 'nok', NULL, NULL, '', NULL),
(3330, 72, 215, 'nok', NULL, NULL, '', NULL),
(3331, 93, 215, 'ok', 0, 3, 'B', 3),
(3333, 31, 215, 'ok', 0, 0, 'B', 5),
(3334, 98, 215, 'ok', 4, 1, 'B', 2),
(3335, 14, 215, 'nok', NULL, NULL, '', NULL),
(3336, 99, 215, 'nok', NULL, NULL, '', NULL),
(3338, 91, 216, 'ok', NULL, NULL, 'B', 1),
(3339, 2, 216, 'ok', NULL, NULL, 'A', 3),
(3362, 21, 216, 'ok', NULL, NULL, 'B', 2),
(3356, 45, 216, 'nok', NULL, NULL, '', NULL),
(3342, 52, 216, 'ok', NULL, NULL, 'B', 5),
(3358, 62, 216, 'nok', NULL, NULL, '', NULL),
(3344, 76, 216, 'ok', NULL, NULL, 'B', 4),
(3345, 16, 216, 'nok', NULL, NULL, '', NULL),
(3360, 66, 216, 'nok', NULL, NULL, '', NULL),
(3347, 64, 216, 'nok', NULL, NULL, '', NULL),
(3348, 72, 216, 'nok', NULL, NULL, '', NULL),
(3349, 98, 216, 'ok', NULL, NULL, 'A', 1),
(3351, 96, 216, 'nok', NULL, NULL, '', NULL),
(3352, 93, 216, 'ok', NULL, NULL, 'B', 3),
(3353, 31, 216, 'ok', NULL, NULL, 'A', 5),
(3355, 99, 216, 'ok', NULL, NULL, 'A', 2),
(3359, 56, 216, 'nok', NULL, NULL, '', NULL),
(3361, 89, 216, 'nok', NULL, NULL, '', NULL),
(3363, 58, 216, 'ok', NULL, NULL, 'A', 4),
(3364, 91, 217, 'ok', NULL, NULL, '', NULL),
(3382, 2, 217, 'nok', NULL, NULL, '', NULL),
(3366, 21, 217, 'ok', NULL, NULL, '', NULL),
(3367, 66, 217, 'ok', NULL, NULL, '', NULL),
(3380, 45, 217, 'nok', NULL, NULL, '', NULL),
(3369, 52, 217, 'ok', NULL, NULL, '', NULL),
(3378, 62, 217, 'nok', NULL, NULL, '', NULL),
(3375, 76, 217, 'nok', NULL, NULL, '', NULL),
(3372, 16, 217, 'nok', NULL, NULL, '', NULL),
(3373, 64, 217, 'nok', NULL, NULL, '', NULL),
(3374, 72, 217, 'nok', NULL, NULL, '', NULL),
(3383, 31, 217, 'nok', NULL, NULL, '', NULL),
(3377, 93, 217, 'nok', NULL, NULL, '', NULL),
(3379, 98, 217, 'ok', NULL, NULL, '', NULL),
(3381, 96, 217, 'ok', NULL, NULL, '', NULL),
(3384, 91, 218, 'ok', NULL, NULL, '', NULL),
(3385, 2, 218, 'ok', NULL, NULL, '', NULL),
(3386, 21, 218, 'ok', NULL, NULL, '', NULL),
(3395, 66, 218, 'nok', NULL, NULL, '', NULL),
(3400, 45, 218, 'nok', NULL, NULL, '', NULL),
(3389, 52, 218, 'ok', NULL, NULL, '', NULL),
(3390, 62, 218, 'ok', NULL, NULL, '', NULL),
(3399, 76, 218, 'nok', NULL, NULL, '', NULL),
(3392, 16, 218, 'nok', NULL, NULL, '', NULL),
(3393, 64, 218, 'nok', NULL, NULL, '', NULL),
(3394, 72, 218, 'nok', NULL, NULL, '', NULL),
(3396, 96, 218, 'nok', NULL, NULL, '', NULL),
(3398, 98, 218, 'nok', NULL, NULL, '', NULL),
(3401, 77, 218, 'nok', NULL, NULL, '', NULL),
(3402, 44, 218, 'ok', NULL, NULL, '', NULL),
(3403, 91, 219, 'ok', NULL, NULL, '', NULL),
(3416, 2, 219, 'nok', NULL, NULL, '', NULL),
(3417, 21, 219, 'nok', NULL, NULL, '', NULL),
(3406, 66, 219, 'ok', NULL, NULL, '', NULL),
(3407, 45, 219, 'ok', NULL, NULL, '', NULL),
(3408, 52, 219, 'ok', NULL, NULL, '', NULL),
(3409, 62, 219, 'ok', NULL, NULL, '', NULL),
(3420, 76, 219, 'nok', NULL, NULL, '', NULL),
(3411, 16, 219, 'nok', NULL, NULL, '', NULL),
(3412, 64, 219, 'nok', NULL, NULL, '', NULL),
(3413, 72, 219, 'nok', NULL, NULL, '', NULL),
(3423, 93, 219, 'nok', NULL, NULL, '', NULL),
(3415, 31, 219, 'nok', NULL, NULL, '', NULL),
(3418, 96, 219, 'ok', NULL, NULL, '', NULL),
(3421, 98, 219, 'nok', NULL, NULL, '', NULL),
(3422, 44, 219, 'ok', NULL, NULL, '', NULL),
(3424, 91, 220, 'ok', NULL, NULL, '', NULL),
(3434, 2, 220, 'nok', NULL, NULL, '', NULL),
(3440, 21, 220, 'nok', NULL, NULL, '', NULL),
(3427, 66, 220, 'ok', NULL, NULL, '', NULL),
(3428, 52, 220, 'ok', NULL, NULL, '', NULL),
(3435, 62, 220, 'nok', NULL, NULL, '', NULL),
(3443, 76, 220, 'nok', NULL, NULL, '', NULL),
(3431, 16, 220, 'nok', NULL, NULL, '', NULL),
(3432, 64, 220, 'nok', NULL, NULL, '', NULL),
(3433, 72, 220, 'nok', NULL, NULL, '', NULL),
(3436, 93, 220, 'ok', NULL, NULL, '', NULL),
(3437, 96, 220, 'ok', NULL, NULL, '', NULL),
(3439, 44, 220, 'ok', NULL, NULL, '', NULL),
(3441, 45, 220, 'nok', NULL, NULL, '', NULL),
(3442, 98, 220, 'ok', NULL, NULL, '', NULL),
(3455, 91, 221, 'nok', NULL, NULL, '', NULL),
(3445, 2, 221, 'ok', 7, 4, 'A', 2),
(3446, 21, 221, 'ok', 7, 3, 'B', 1),
(3447, 66, 221, 'ok', 2, 4, 'B', 4),
(3448, 52, 221, 'ok', 2, 2, 'A', 4),
(3449, 62, 221, 'ok', 4, 2, 'B', 2),
(3450, 76, 221, 'ok', 8, 2, 'A', 3),
(3451, 16, 221, 'nok', NULL, NULL, '', NULL),
(3452, 64, 221, 'nok', NULL, NULL, '', NULL),
(3453, 72, 221, 'nok', NULL, NULL, '', NULL),
(3454, 93, 221, 'ok', 2, 2, 'B', 3),
(3456, 98, 221, 'ok', 3, 7, 'A', 1),
(3470, 91, 222, 'nok', NULL, NULL, '', NULL),
(3475, 2, 222, 'nok', NULL, NULL, '', NULL),
(3459, 21, 222, 'ok', NULL, NULL, '', NULL),
(3460, 66, 222, 'ok', NULL, NULL, '', NULL),
(3461, 45, 222, 'ok', NULL, NULL, '', NULL),
(3462, 52, 222, 'ok', NULL, NULL, '', NULL),
(3473, 62, 222, 'nok', NULL, NULL, '', NULL),
(3464, 76, 222, 'ok', NULL, NULL, '', NULL),
(3465, 16, 222, 'nok', NULL, NULL, '', NULL),
(3466, 64, 222, 'nok', NULL, NULL, '', NULL),
(3467, 72, 222, 'nok', NULL, NULL, '', NULL),
(3468, 93, 222, 'nok', NULL, NULL, '', NULL),
(3469, 31, 222, 'ok', NULL, NULL, '', NULL),
(3471, 98, 222, 'ok', NULL, NULL, '', NULL),
(3472, 96, 222, 'ok', NULL, NULL, '', NULL),
(3474, 44, 222, 'ok', NULL, NULL, '', NULL),
(3476, 91, 223, 'ok', 8, 8, 'A', 2),
(3489, 2, 223, 'nok', NULL, NULL, '', NULL),
(3490, 21, 223, 'nok', NULL, NULL, '', NULL),
(3493, 66, 223, 'nok', NULL, NULL, '', NULL),
(3480, 45, 223, 'nok', NULL, NULL, '', NULL),
(3481, 52, 223, 'ok', 2, 2, 'B', 4),
(3482, 62, 223, 'ok', 4, 3, 'B', 2),
(3483, 76, 223, 'ok', NULL, NULL, 'A', 3),
(3484, 16, 223, 'nok', NULL, NULL, '', NULL),
(3485, 64, 223, 'nok', NULL, NULL, '', NULL),
(3486, 72, 223, 'nok', NULL, NULL, '', NULL),
(3487, 93, 223, 'ok', 2, 4, 'B', 3),
(3488, 98, 223, 'ok', 6, 7, 'B', 1),
(3491, 96, 223, 'ok', 8, 8, 'A', 1),
(3492, 31, 223, 'ok', 1, 3, 'A', 4),
(3494, 91, 224, 'ok', NULL, NULL, 'B', 1),
(3512, 2, 224, 'nok', NULL, NULL, '', NULL),
(3496, 21, 224, 'ok', NULL, NULL, 'A', 2),
(3505, 66, 224, 'nok', NULL, NULL, '', NULL),
(3498, 45, 224, 'ok', NULL, NULL, 'B', 4),
(3499, 52, 224, 'ok', NULL, NULL, 'A', 4),
(3509, 62, 224, 'nok', NULL, NULL, '', NULL),
(3501, 76, 224, 'ok', NULL, NULL, 'B', 3),
(3502, 16, 224, 'nok', NULL, NULL, '', NULL),
(3503, 64, 224, 'nok', NULL, NULL, '', NULL),
(3504, 72, 224, 'nok', NULL, NULL, '', NULL),
(3506, 93, 224, 'ok', NULL, NULL, 'B', 2),
(3507, 96, 224, 'nok', NULL, NULL, '', NULL),
(3508, 98, 224, 'ok', NULL, NULL, 'A', 1),
(3513, 58, 224, 'ok', NULL, NULL, 'A', 3),
(3514, 91, 225, 'ok', 5, 5, 'B', 1),
(3528, 2, 225, 'nok', NULL, NULL, '', NULL),
(3516, 21, 225, 'ok', 1, 1, 'A', 2),
(3517, 66, 225, 'ok', NULL, NULL, 'A', 3),
(3518, 45, 225, 'nok', NULL, NULL, '', NULL),
(3519, 52, 225, 'ok', 3, 3, 'A', 4),
(3520, 62, 225, 'ok', 4, 2, 'B', 2),
(3521, 76, 225, 'ok', NULL, NULL, 'B', 3),
(3522, 16, 225, 'nok', NULL, NULL, '', NULL),
(3523, 64, 225, 'nok', NULL, NULL, '', NULL),
(3524, 72, 225, 'nok', NULL, NULL, '', NULL),
(3525, 98, 225, 'ok', 5, 7, 'A', 1),
(3526, 58, 225, 'ok', 0, 0, 'B', 4),
(3527, 93, 225, 'nok', NULL, NULL, '', NULL),
(3530, 96, 225, 'nok', NULL, NULL, '', NULL),
(3531, 91, 226, 'ok', NULL, NULL, 'B', 1),
(3532, 2, 226, 'ok', NULL, NULL, 'B', 2),
(3533, 21, 226, 'ok', NULL, NULL, 'A', 2),
(3534, 66, 226, 'ok', NULL, NULL, 'B', 4),
(3535, 45, 226, 'nok', NULL, NULL, '', NULL),
(3536, 52, 226, 'ok', NULL, NULL, 'A', 4),
(3537, 62, 226, 'ok', NULL, NULL, 'B', 3),
(3542, 76, 226, 'nok', NULL, NULL, '', NULL),
(3539, 16, 226, 'nok', NULL, NULL, '', NULL),
(3540, 64, 226, 'nok', NULL, NULL, '', NULL),
(3541, 72, 226, 'nok', NULL, NULL, '', NULL),
(3543, 93, 226, 'ok', NULL, NULL, 'A', 3),
(3544, 96, 226, 'nok', NULL, NULL, '', NULL),
(3545, 98, 226, 'ok', NULL, NULL, 'A', 1),
(3546, 91, 227, 'ok', NULL, NULL, 'B', 1),
(3547, 2, 227, 'ok', NULL, NULL, 'A', 3),
(3548, 21, 227, 'ok', NULL, NULL, 'B', 2),
(3549, 66, 227, 'ok', NULL, NULL, 'B', 4),
(3550, 52, 227, 'ok', NULL, NULL, 'A', 4),
(3558, 62, 227, 'nok', NULL, NULL, '', NULL),
(3559, 76, 227, 'nok', NULL, NULL, '', NULL),
(3553, 16, 227, 'nok', NULL, NULL, '', NULL),
(3554, 64, 227, 'nok', NULL, NULL, '', NULL),
(3555, 72, 227, 'nok', NULL, NULL, '', NULL),
(3556, 99, 227, 'ok', NULL, NULL, 'A', 2),
(3557, 98, 227, 'ok', NULL, NULL, 'A', 1),
(3560, 93, 227, 'ok', NULL, NULL, 'B', 3),
(3561, 101, 227, 'ok', NULL, NULL, 'B', 5),
(3562, 85, 227, 'ok', NULL, NULL, 'A', 5),
(3563, 91, 228, 'ok', 5, 5, 'B', 1),
(3575, 2, 228, 'nok', NULL, NULL, '', NULL),
(3565, 21, 228, 'ok', 2, 2, 'A', 2),
(3566, 66, 228, 'ok', NULL, NULL, 'B', 3),
(3567, 52, 228, 'ok', 2, 2, 'A', 3),
(3568, 62, 228, 'ok', 4, 2, 'B', 2),
(3579, 76, 228, 'nok', NULL, NULL, '', NULL),
(3570, 16, 228, 'nok', NULL, NULL, '', NULL),
(3571, 64, 228, 'nok', NULL, NULL, '', NULL),
(3572, 72, 228, 'nok', NULL, NULL, '', NULL),
(3573, 31, 228, 'ok', 1, 0, 'B', 4),
(3574, 93, 228, 'nok', NULL, NULL, '', NULL),
(3576, 96, 228, 'nok', NULL, NULL, '', NULL),
(3581, 58, 228, 'nok', NULL, NULL, '', NULL),
(3578, 98, 228, 'ok', 6, 5, 'A', 1),
(3580, 101, 228, 'ok', NULL, NULL, 'A', 4),
(3582, 91, 229, 'ok', 5, 5, 'A', 2),
(3595, 2, 229, 'nok', NULL, NULL, '', NULL),
(3584, 21, 229, 'ok', 3, 3, 'B', 3),
(3597, 66, 229, 'nok', NULL, NULL, '', NULL),
(3586, 52, 229, 'ok', 3, 3, 'A', 3),
(3593, 62, 229, 'nok', NULL, NULL, '', NULL),
(3594, 76, 229, 'nok', NULL, NULL, '', NULL),
(3589, 16, 229, 'nok', NULL, NULL, '', NULL),
(3590, 64, 229, 'nok', NULL, NULL, '', NULL),
(3591, 72, 229, 'nok', NULL, NULL, '', NULL),
(3592, 101, 229, 'nok', NULL, NULL, '', NULL),
(3596, 98, 229, 'ok', 12, 15, 'B', 1),
(3598, 99, 229, 'ok', NULL, NULL, 'B', 2),
(3599, 96, 229, 'ok', NULL, NULL, 'A', 1),
(3600, 91, 230, 'ok', NULL, NULL, 'A', 1),
(3616, 2, 230, 'ok', NULL, NULL, 'B', 1),
(3610, 21, 230, 'nok', NULL, NULL, '', NULL),
(3611, 66, 230, 'nok', NULL, NULL, '', NULL),
(3604, 52, 230, 'ok', NULL, NULL, 'B', 4),
(3605, 62, 230, 'ok', NULL, NULL, 'A', 2),
(3606, 76, 230, 'ok', NULL, NULL, 'B', 3),
(3607, 16, 230, 'nok', NULL, NULL, '', NULL),
(3608, 64, 230, 'nok', NULL, NULL, '', NULL),
(3609, 72, 230, 'nok', NULL, NULL, '', NULL),
(3612, 101, 230, 'nok', NULL, NULL, '', NULL),
(3614, 69, 230, 'ok', NULL, NULL, 'A', 4),
(3615, 58, 230, 'ok', NULL, NULL, 'B', 2),
(3617, 53, 230, 'ok', NULL, NULL, 'A', 3),
(3618, 91, 231, 'ok', 5, 5, 'A', 1),
(3632, 2, 231, 'nok', NULL, NULL, '', NULL),
(3630, 21, 231, 'nok', NULL, NULL, '', NULL),
(3621, 66, 231, 'ok', NULL, NULL, 'A', 3),
(3622, 52, 231, 'ok', 2, 2, 'B', 3),
(3623, 62, 231, 'ok', 4, 3, 'B', 1),
(3624, 76, 231, 'ok', NULL, NULL, 'B', 2),
(3625, 16, 231, 'nok', NULL, NULL, '', NULL),
(3626, 64, 231, 'nok', NULL, NULL, '', NULL),
(3627, 72, 231, 'nok', NULL, NULL, '', NULL),
(3628, 31, 231, 'ok', 0, 0, 'B', 4),
(3641, 93, 231, 'nok', NULL, NULL, '', NULL),
(3631, 101, 231, 'ok', NULL, NULL, 'A', 4),
(3636, 69, 231, 'nok', NULL, NULL, '', NULL),
(3634, 99, 231, 'nok', NULL, NULL, '', NULL),
(3639, 65, 231, 'nok', NULL, NULL, '', NULL),
(3637, 98, 231, 'nok', NULL, NULL, '', NULL),
(3638, 103, 231, 'ok', 3, 2, 'B', 5),
(3640, 58, 231, 'ok', 5, 6, 'A', 2),
(3953, 104, 231, 'ok', NULL, NULL, '', NULL),
(3643, 91, 232, 'ok', 5, 5, 'A', 1),
(3644, 2, 232, 'ok', 8, 7, 'B', 1),
(3653, 21, 232, 'nok', NULL, NULL, '', NULL),
(3646, 66, 232, 'ok', NULL, NULL, 'B', 3),
(3647, 52, 232, 'ok', 2, 3, 'A', 3),
(3648, 62, 232, 'ok', 5, 2, 'A', 2),
(3649, 76, 232, 'ok', NULL, NULL, 'B', 2),
(3650, 16, 232, 'nok', NULL, NULL, '', NULL),
(3651, 64, 232, 'nok', NULL, NULL, '', NULL),
(3652, 72, 232, 'nok', NULL, NULL, '', NULL),
(3654, 101, 232, 'nok', NULL, NULL, '', NULL),
(3655, 103, 232, 'ok', 3, 2, 'A', 4),
(3656, 58, 232, 'nok', NULL, NULL, '', NULL),
(3657, 31, 232, 'ok', 2, 0, 'B', 4),
(3658, 91, 233, 'ok', NULL, NULL, 'A', 1),
(3673, 2, 233, 'nok', NULL, NULL, '', NULL),
(3670, 21, 233, 'nok', NULL, NULL, '', NULL),
(3669, 66, 233, 'nok', NULL, NULL, '', NULL),
(3662, 52, 233, 'ok', NULL, NULL, 'A', 3),
(3663, 62, 233, 'ok', NULL, NULL, 'B', 1),
(3664, 76, 233, 'ok', NULL, NULL, 'B', 2),
(3665, 16, 233, 'nok', NULL, NULL, '', NULL),
(3666, 64, 233, 'nok', NULL, NULL, '', NULL),
(3667, 72, 233, 'nok', NULL, NULL, '', NULL),
(3668, 101, 233, 'ok', NULL, NULL, 'B', 4),
(3671, 104, 233, 'ok', NULL, NULL, 'A', 4),
(3675, 58, 233, 'ok', NULL, NULL, 'A', 2),
(3676, 65, 233, 'ok', NULL, NULL, 'B', 3),
(3677, 91, 234, 'ok', 5, 5, 'B', 1),
(3688, 2, 234, 'nok', NULL, NULL, '', NULL),
(3690, 21, 234, 'nok', NULL, NULL, '', NULL),
(3687, 66, 234, 'nok', NULL, NULL, '', NULL),
(3681, 52, 234, 'ok', 1, 1, 'A', 3),
(3682, 62, 234, 'ok', 4, 2, 'A', 2),
(3683, 76, 234, 'ok', NULL, NULL, 'B', 2),
(3684, 16, 234, 'nok', NULL, NULL, '', NULL),
(3685, 64, 234, 'nok', NULL, NULL, '', NULL),
(3686, 72, 234, 'nok', NULL, NULL, '', NULL),
(3689, 103, 234, 'ok', 3, 3, 'A', 1),
(3691, 101, 234, 'ok', NULL, NULL, 'A', 4),
(3692, 104, 234, 'ok', NULL, NULL, 'B', 4),
(3693, 58, 234, 'nok', NULL, NULL, '', NULL),
(3694, 96, 234, 'nok', NULL, NULL, '', NULL),
(3695, 65, 234, 'ok', NULL, NULL, 'B', 3),
(3696, 91, 235, 'ok', NULL, NULL, 'A', 1),
(3714, 2, 235, 'nok', NULL, NULL, '', NULL),
(3713, 21, 235, 'ok', NULL, NULL, 'B', 1),
(3710, 66, 235, 'nok', NULL, NULL, '', NULL),
(3700, 52, 235, 'ok', NULL, NULL, 'A', 3),
(3701, 62, 235, 'ok', NULL, NULL, 'A', 2),
(3702, 76, 235, 'ok', NULL, NULL, 'B', 3),
(3703, 16, 235, 'nok', NULL, NULL, '', NULL),
(3704, 64, 235, 'nok', NULL, NULL, '', NULL),
(3705, 72, 235, 'nok', NULL, NULL, '', NULL),
(3706, 101, 235, 'ok', NULL, NULL, 'A', 4),
(3711, 31, 235, 'nok', NULL, NULL, '', NULL),
(3708, 104, 235, 'ok', NULL, NULL, 'B', 4),
(3709, 58, 235, 'ok', NULL, NULL, 'B', 2),
(3715, 91, 236, 'ok', NULL, NULL, '', NULL),
(3729, 2, 236, 'nok', NULL, NULL, '', NULL),
(3734, 21, 236, 'nok', NULL, NULL, '', NULL),
(3718, 66, 236, 'ok', NULL, NULL, '', NULL),
(3719, 52, 236, 'ok', NULL, NULL, '', NULL),
(3720, 62, 236, 'ok', NULL, NULL, '', NULL),
(3728, 76, 236, 'nok', NULL, NULL, '', NULL),
(3722, 16, 236, 'nok', NULL, NULL, '', NULL),
(3723, 64, 236, 'nok', NULL, NULL, '', NULL),
(3724, 72, 236, 'nok', NULL, NULL, '', NULL),
(3725, 101, 236, 'ok', NULL, NULL, '', NULL),
(3726, 58, 236, 'ok', NULL, NULL, '', NULL),
(3727, 31, 236, 'ok', NULL, NULL, '', NULL),
(3732, 103, 236, 'ok', NULL, NULL, '', NULL),
(3733, 104, 236, 'ok', NULL, NULL, '', NULL),
(3735, 65, 236, 'ok', NULL, NULL, '', NULL),
(3746, 91, 237, 'nok', NULL, NULL, '', NULL),
(3737, 2, 237, 'ok', NULL, NULL, 'B', 1),
(3738, 21, 237, 'ok', NULL, NULL, 'A', 1),
(3752, 66, 237, 'nok', NULL, NULL, '', NULL),
(3740, 52, 237, 'ok', NULL, NULL, 'B', 3),
(3750, 62, 237, 'nok', NULL, NULL, '', NULL),
(3742, 76, 237, 'ok', NULL, NULL, 'B', 4),
(3743, 16, 237, 'nok', NULL, NULL, '', NULL),
(3755, 64, 237, 'ok', NULL, NULL, 'B', 2),
(3745, 72, 237, 'nok', NULL, NULL, '', NULL),
(3747, 101, 237, 'ok', NULL, NULL, 'A', 2),
(3748, 31, 237, 'nok', NULL, NULL, '', NULL),
(3749, 104, 237, 'ok', NULL, NULL, 'A', 3),
(3751, 58, 237, 'nok', NULL, NULL, '', NULL),
(3753, 105, 237, 'ok', NULL, NULL, 'A', 4),
(3754, 96, 237, 'nok', NULL, NULL, '', NULL),
(3756, 91, 238, 'ok', 5, 5, '', NULL),
(3757, 2, 238, 'ok', 5, 3, '', NULL),
(3758, 21, 238, 'ok', 4, 4, '', NULL),
(3759, 66, 238, 'ok', NULL, NULL, '', NULL),
(3760, 52, 238, 'ok', 0, 0, '', NULL),
(3761, 62, 238, 'ok', NULL, NULL, '', NULL),
(3762, 76, 238, 'ok', NULL, NULL, '', NULL),
(3763, 16, 238, 'nok', NULL, NULL, '', NULL),
(3764, 64, 238, 'nok', NULL, NULL, '', NULL),
(3765, 72, 238, 'nok', NULL, NULL, '', NULL),
(3766, 93, 238, 'ok', 2, 1, '', NULL),
(3767, 31, 238, 'ok', NULL, NULL, '', NULL),
(3773, 101, 238, 'nok', NULL, NULL, '', NULL),
(3769, 103, 238, 'ok', NULL, NULL, '', NULL),
(3771, 106, 238, 'ok', NULL, NULL, '', NULL),
(3772, 58, 238, 'ok', 2, 3, '', NULL),
(3790, 91, 239, 'nok', NULL, NULL, '', NULL),
(3787, 2, 239, 'nok', NULL, NULL, '', NULL),
(3789, 21, 239, 'nok', NULL, NULL, '', NULL),
(3788, 66, 239, 'nok', NULL, NULL, '', NULL),
(3784, 52, 239, 'nok', NULL, NULL, '', NULL),
(3779, 62, 239, 'ok', NULL, NULL, '', NULL),
(3780, 76, 239, 'ok', NULL, NULL, '', NULL),
(3781, 16, 239, 'nok', NULL, NULL, '', NULL),
(3782, 64, 239, 'nok', NULL, NULL, '', NULL),
(3783, 72, 239, 'nok', NULL, NULL, '', NULL),
(3794, 96, 239, 'ok', NULL, NULL, '', NULL),
(3786, 98, 239, 'ok', NULL, NULL, '', NULL),
(3791, 93, 239, 'ok', NULL, NULL, '', NULL),
(3792, 101, 239, 'ok', NULL, NULL, '', NULL),
(3793, 104, 239, 'ok', NULL, NULL, '', NULL),
(3795, 65, 239, 'ok', NULL, NULL, '', NULL),
(3807, 91, 240, 'nok', NULL, NULL, '', NULL),
(3797, 2, 240, 'ok', NULL, NULL, '', NULL),
(3812, 21, 240, 'nok', NULL, NULL, '', NULL),
(3810, 66, 240, 'nok', NULL, NULL, '', NULL),
(3800, 52, 240, 'ok', NULL, NULL, '', NULL),
(3801, 62, 240, 'ok', NULL, NULL, '', NULL),
(3809, 76, 240, 'nok', NULL, NULL, '', NULL),
(3803, 16, 240, 'nok', NULL, NULL, '', NULL),
(3804, 64, 240, 'nok', NULL, NULL, '', NULL),
(3805, 72, 240, 'nok', NULL, NULL, '', NULL),
(3806, 101, 240, 'nok', NULL, NULL, '', NULL),
(3808, 98, 240, 'ok', NULL, NULL, '', NULL),
(3811, 93, 240, 'ok', NULL, NULL, '', NULL),
(3813, 108, 240, 'ok', NULL, NULL, '', NULL),
(3814, 91, 241, 'ok', 7, 7, 'B', 1),
(3815, 2, 241, 'ok', 8, 9, 'A', 3),
(3816, 21, 241, 'ok', 8, 8, 'A', 2),
(3824, 66, 241, 'nok', NULL, NULL, '', NULL),
(3818, 52, 241, 'ok', 2, 2, 'B', 4),
(3819, 62, 241, 'ok', NULL, NULL, 'B', 3),
(3820, 76, 241, 'ok', NULL, NULL, 'A', 4),
(3821, 16, 241, 'nok', NULL, NULL, '', NULL),
(3822, 64, 241, 'nok', NULL, NULL, '', NULL),
(3823, 72, 241, 'nok', NULL, NULL, '', NULL),
(3831, 96, 241, 'nok', NULL, NULL, '', NULL),
(3826, 101, 241, 'nok', NULL, NULL, '', NULL),
(3832, 58, 241, 'nok', NULL, NULL, '', NULL),
(3830, 108, 241, 'nok', NULL, NULL, '', NULL),
(3829, 93, 241, 'nok', NULL, NULL, '', NULL),
(3833, 98, 241, 'ok', NULL, NULL, 'A', 1),
(3834, 104, 241, 'ok', NULL, NULL, 'B', 5),
(3835, 103, 241, 'ok', NULL, NULL, 'B', 2),
(3836, 109, 241, 'ok', NULL, NULL, 'A', 5),
(3847, 91, 242, 'nok', NULL, NULL, '', NULL),
(3838, 2, 242, 'ok', NULL, NULL, 'B', 1),
(3852, 21, 242, 'nok', NULL, NULL, '', NULL),
(3849, 66, 242, 'nok', NULL, NULL, '', NULL),
(3841, 52, 242, 'ok', 1, 2, 'B', 3),
(3842, 62, 242, 'ok', NULL, NULL, 'A', 1),
(3843, 76, 242, 'ok', NULL, NULL, 'B', 2),
(3844, 16, 242, 'nok', NULL, NULL, '', NULL),
(3845, 64, 242, 'nok', NULL, NULL, '', NULL),
(3846, 72, 242, 'nok', NULL, NULL, '', NULL),
(3848, 93, 242, 'nok', NULL, NULL, '', NULL),
(3850, 101, 242, 'ok', NULL, NULL, 'A', 4),
(3851, 109, 242, 'ok', NULL, NULL, 'B', 5),
(3853, 58, 242, 'ok', 4, 3, 'B', 4),
(3854, 104, 242, 'ok', NULL, NULL, 'A', 2),
(3855, 96, 242, 'nok', NULL, NULL, '', NULL),
(3856, 65, 242, 'ok', NULL, NULL, 'A', 3),
(3857, 85, 242, 'ok', NULL, NULL, 'A', 5),
(3858, 91, 243, 'ok', 10, 10, 'B', 1),
(3871, 2, 243, 'nok', NULL, NULL, '', NULL),
(3860, 21, 243, 'ok', 6, 6, 'A', 2),
(3873, 66, 243, 'nok', NULL, NULL, '', NULL),
(3862, 52, 243, 'ok', NULL, NULL, 'A', 4),
(3863, 62, 243, 'ok', NULL, NULL, 'A', 3),
(3864, 76, 243, 'ok', NULL, NULL, 'B', 4),
(3865, 16, 243, 'nok', NULL, NULL, '', NULL),
(3866, 64, 243, 'nok', NULL, NULL, '', NULL),
(3867, 72, 243, 'nok', NULL, NULL, '', NULL),
(3869, 93, 243, 'nok', NULL, NULL, '', NULL),
(3870, 101, 243, 'ok', NULL, NULL, 'A', 5),
(3872, 109, 243, 'nok', NULL, NULL, '', NULL),
(3874, 58, 243, 'ok', 3, 4, 'B', 3),
(3875, 104, 243, 'ok', NULL, NULL, 'B', 5),
(3877, 96, 243, 'ok', NULL, NULL, 'A', 1),
(3878, 95, 243, 'ok', NULL, NULL, 'B', 2),
(3893, 91, 244, 'nok', NULL, NULL, '', NULL),
(3895, 2, 244, 'nok', NULL, NULL, '', NULL),
(3882, 21, 244, 'ok', NULL, NULL, '', NULL),
(3891, 66, 244, 'nok', NULL, NULL, '', NULL),
(3884, 52, 244, 'ok', NULL, NULL, '', NULL),
(3885, 62, 244, 'ok', NULL, NULL, '', NULL),
(3886, 76, 244, 'ok', NULL, NULL, '', NULL),
(3887, 16, 244, 'nok', NULL, NULL, '', NULL),
(3888, 64, 244, 'nok', NULL, NULL, '', NULL),
(3889, 72, 244, 'nok', NULL, NULL, '', NULL),
(3890, 109, 244, 'nok', NULL, NULL, '', NULL),
(3897, 58, 244, 'nok', NULL, NULL, '', NULL),
(3894, 93, 244, 'nok', NULL, NULL, '', NULL),
(3896, 101, 244, 'nok', NULL, NULL, '', NULL),
(3898, 106, 244, 'ok', NULL, NULL, '', NULL),
(3899, 111, 244, 'ok', NULL, NULL, '', NULL),
(3900, 65, 244, 'ok', NULL, NULL, '', NULL),
(3901, 91, 245, 'ok', NULL, NULL, 'A', 3),
(3902, 2, 245, 'ok', NULL, NULL, 'B', 2),
(3903, 21, 245, 'ok', NULL, NULL, 'A', 2),
(3912, 66, 245, 'nok', NULL, NULL, '', NULL),
(3905, 52, 245, 'ok', NULL, NULL, 'B', 5),
(3906, 62, 245, 'ok', NULL, NULL, 'B', 3),
(3907, 76, 245, 'ok', NULL, NULL, 'B', 4),
(3908, 16, 245, 'nok', NULL, NULL, '', NULL),
(3909, 64, 245, 'nok', NULL, NULL, '', NULL),
(3910, 72, 245, 'nok', NULL, NULL, '', NULL),
(3911, 101, 245, 'ok', NULL, NULL, 'B', 6),
(3913, 109, 245, 'nok', NULL, NULL, '', NULL),
(3914, 93, 245, 'nok', NULL, NULL, '', NULL),
(3915, 98, 245, 'ok', NULL, NULL, 'A', 1),
(3916, 58, 245, 'ok', NULL, NULL, 'B', 1),
(3917, 65, 245, 'ok', NULL, NULL, 'A', 4),
(3918, 106, 245, 'ok', NULL, NULL, 'A', 6),
(3919, 69, 245, 'ok', NULL, NULL, 'A', 5),
(3932, 91, 246, 'nok', NULL, NULL, '', NULL),
(3921, 2, 246, 'ok', NULL, NULL, 'A', 1),
(3936, 21, 246, 'nok', NULL, NULL, '', NULL),
(3923, 66, 246, 'nok', NULL, NULL, '', NULL),
(3924, 52, 246, 'ok', NULL, NULL, 'A', 3),
(3925, 62, 246, 'ok', NULL, NULL, 'B', 1),
(3926, 76, 246, 'ok', NULL, NULL, 'A', 2),
(3927, 16, 246, 'nok', NULL, NULL, '', NULL),
(3928, 64, 246, 'nok', NULL, NULL, '', NULL),
(3929, 72, 246, 'nok', NULL, NULL, '', NULL),
(3930, 109, 246, 'nok', NULL, NULL, '', NULL),
(3931, 101, 246, 'nok', NULL, NULL, '', NULL),
(3933, 98, 246, 'nok', NULL, NULL, '', NULL),
(3934, 93, 246, 'nok', NULL, NULL, '', NULL),
(3935, 111, 246, 'ok', NULL, NULL, 'B', 3),
(3937, 108, 246, 'ok', NULL, NULL, 'B', 2),
(3950, 91, 247, 'nok', NULL, NULL, '', NULL),
(3956, 2, 247, 'nok', NULL, NULL, '', NULL),
(3949, 21, 247, 'nok', NULL, NULL, '', NULL),
(3941, 66, 247, 'ok', NULL, NULL, '', NULL),
(3942, 52, 247, 'ok', NULL, NULL, '', NULL),
(3943, 62, 247, 'ok', NULL, NULL, '', NULL),
(3948, 76, 247, 'nok', NULL, NULL, '', NULL),
(3945, 16, 247, 'nok', NULL, NULL, '', NULL),
(3946, 64, 247, 'nok', NULL, NULL, '', NULL),
(3947, 72, 247, 'nok', NULL, NULL, '', NULL),
(3951, 101, 247, 'ok', NULL, NULL, '', NULL),
(3952, 104, 247, 'ok', NULL, NULL, '', NULL),
(3954, 93, 247, 'nok', NULL, NULL, '', NULL),
(3955, 112, 247, 'ok', NULL, NULL, '', NULL),
(3957, 96, 247, 'nok', NULL, NULL, '', NULL),
(3958, 91, 248, 'ok', NULL, NULL, 'B', 1),
(3959, 2, 248, 'ok', NULL, NULL, 'A', 2),
(3971, 21, 248, 'nok', NULL, NULL, '', NULL),
(3969, 66, 248, 'nok', NULL, NULL, '', NULL),
(3962, 52, 248, 'ok', NULL, NULL, 'A', 3),
(3963, 62, 248, 'ok', NULL, NULL, 'B', 3),
(3973, 76, 248, 'nok', NULL, NULL, '', NULL);
INSERT INTO `users_matches` (`id`, `user_id`, `match_id`, `state`, `score`, `assist`, `team`, `order_in_team`) VALUES
(3965, 16, 248, 'nok', NULL, NULL, '', NULL),
(3966, 64, 248, 'nok', NULL, NULL, '', NULL),
(3967, 72, 248, 'nok', NULL, NULL, '', NULL),
(3968, 106, 248, 'ok', NULL, NULL, 'B', 4),
(3970, 109, 248, 'nok', NULL, NULL, '', NULL),
(3972, 101, 248, 'ok', NULL, NULL, 'A', 4),
(3974, 58, 248, 'ok', NULL, NULL, 'B', 2),
(3975, 98, 248, 'ok', NULL, NULL, 'A', 1),
(3976, 91, 249, 'ok', NULL, NULL, '', NULL),
(3977, 2, 249, 'ok', NULL, NULL, '', NULL),
(3978, 21, 249, 'ok', NULL, NULL, '', NULL),
(3979, 66, 249, 'ok', NULL, NULL, '', NULL),
(3980, 52, 249, 'ok', NULL, NULL, '', NULL),
(3981, 62, 249, 'ok', NULL, NULL, '', NULL),
(3982, 76, 249, 'ok', NULL, NULL, '', NULL),
(3983, 16, 249, 'nok', NULL, NULL, '', NULL),
(3984, 64, 249, 'nok', NULL, NULL, '', NULL),
(3985, 72, 249, 'nok', NULL, NULL, '', NULL),
(3986, 109, 249, 'nok', NULL, NULL, '', NULL),
(3987, 101, 249, 'ok', NULL, NULL, '', NULL);

/*!40101 SET CHARACTER_SET_CLIENT=@OLD_CHARACTER_SET_CLIENT */;
/*!40101 SET CHARACTER_SET_RESULTS=@OLD_CHARACTER_SET_RESULTS */;
/*!40101 SET COLLATION_CONNECTION=@OLD_COLLATION_CONNECTION */;
